date,tavg,tmin,tmax,prcp,snow,wdir,wspd,wpgt,pres,tsun
2018-01-01,22.2,17.5,,,,,,,,
2018-01-02,25.4,18.6,,,,,,,,
2018-01-03,26.1,16.9,33,,,,,,,
2018-01-04,29.2,22.2,,,,,,,,
2018-01-05,24.8,,36.7,,,,,,,
2018-01-06,21.1,15.8,,,,,,,,
2018-01-07,25.1,18.7,,,,,,,,
2018-01-08,27.9,22.9,33,,,,,,,
2018-01-09,27.3,23.9,33,,,,,,,
2018-01-10,28,24,,,,,,,,
2018-01-11,31,26.2,,,,,,,,
2018-01-12,30,27.7,37,,,,,,,
2018-01-13,26,22.7,33.5,,,,,,,
2018-01-14,19.2,16.5,30.5,15,,,,,,
2018-01-15,20.6,15.8,,1,,,,,,
2018-01-16,24.4,18.6,,0,,,,,,
2018-01-17,25.4,23.5,30,,,,,,,
2018-01-18,25.1,19.3,,0,,,,,,
2018-01-19,27.4,20.7,33.2,1,,,,,,
2018-01-20,26.4,21,34.7,0,,,,,,
2018-01-21,28.2,25.2,33.4,,,,,,,
2018-01-22,26.8,23,33.3,,,,,,,
2018-01-23,27.7,23.6,,0.8,,,,,,
2018-01-24,23.3,18.4,36,6.1,,,,,,
2018-01-25,20.2,14.8,26.2,0,,,,,,
2018-01-26,23.6,19.1,,0,,,,,,
2018-01-27,25.4,22.1,29.5,0,,,,,,
2018-01-28,26.2,21,,0,,,,,,
2018-01-29,24.9,21,32.6,,,,,,,
2018-01-30,25.4,20.7,,,,,,,,
2018-01-31,27.7,22.2,32.6,,,,,,,
2018-02-01,27.2,21.9,32.5,,,,,,,
2018-02-02,28.1,23.7,,,,,,,,
2018-02-03,24.9,21.3,34.1,,,,,,,
2018-02-04,25.8,22.5,,,,,,,,
2018-02-05,27.3,23.3,,,,,,,,
2018-02-06,27.9,23.6,33.1,,,,,,,
2018-02-07,28.9,24.3,,,,,,,,
2018-02-08,30.7,26.3,,,,,,,,
2018-02-09,26.6,22.2,36.6,2,,,,,,
2018-02-10,24.6,19.3,28.6,15,,,,,,
2018-02-11,19.9,14.8,29.5,8.9,,,,,,
2018-02-12,17.9,12.3,24,0,,,,,,
2018-02-13,20.6,14.8,,,,,,,,
2018-02-14,23.7,17,,,,,,,,
2018-02-15,25.2,21,,,,,,,,
2018-02-16,26.3,22.1,,,,,,,,
2018-02-17,26.8,22.4,32.3,,,,,,,
2018-02-18,28.4,24.4,,,,,,,,
2018-02-19,26.3,20.4,34.1,22.1,,,,,,
2018-02-20,25.4,20.4,,0.5,,,,,,
2018-02-21,22.4,18.6,31.4,0,,,,,,
2018-02-22,22,15.5,,0.5,,,,,,
2018-02-23,23.3,17,29,0,,,,,,
2018-02-24,22.8,17.4,28.9,,,,,,,
2018-02-25,23.1,20,27.2,,,,,,,
2018-02-26,23.4,20.4,26.9,,,,,,,
2018-02-27,24.6,20.8,,,,,,,,
2018-02-28,24.2,21.3,30.7,,,,,,,
2018-03-01,25.4,21.3,,0.3,,,,,,
2018-03-02,27.1,20.7,,0,,,,,,
2018-03-03,27.3,23.6,32.4,,,,,,,
2018-03-04,26.9,22.5,32.6,,,,,,,
2018-03-05,26.1,23.6,31.9,,,,,,,
2018-03-06,20.6,13.8,28.8,,,,,,,
2018-03-07,21.1,15.6,26.9,,,,,,,
2018-03-08,23.8,17.6,,,,,,,,
2018-03-09,25.4,20,,,,,,,,
2018-03-10,27.2,23,,,,,,,,
2018-03-11,21.6,15.7,34.1,,,,,,,
2018-03-12,19.7,12.6,25.8,,,,,,,
2018-03-13,23.8,18.7,,,,,,,,
2018-03-14,23,17.8,31,,,,,,,
2018-03-15,19.4,13.2,30.8,19.1,,,,,,
2018-03-16,19.2,14.4,25,0,,,,,,
2018-03-17,22.5,18.8,,0,,,,,,
2018-03-18,22.2,,27,29,,,,,,
2018-03-19,19.1,12.2,,3,,,,,,
2018-03-20,20.3,15.1,26.7,0,,,,,,
2018-03-21,16.7,12.6,27,,,,,,,
2018-03-22,19.1,15.1,,,,,,,,
2018-03-23,23.2,17.7,,0,,,,,,
2018-03-24,20.4,15.1,30.3,11.9,,,,,,
2018-03-25,15.9,11,27.2,7.1,,,,,,
2018-03-26,14.6,8.3,20.9,0,,,,,,
2018-03-27,19.2,15.4,,,,,,,,
2018-03-28,21.7,18.2,,,,,,,,
2018-03-29,23.3,17.2,,,,,,,,
2018-03-30,24.4,18.3,30.6,,,,,,,
2018-03-31,24.6,19.1,31,,,,,,,
2018-04-01,22.6,21,32,,,,,,,
2018-04-02,20.7,18.3,25.4,,,,,,,
2018-04-03,20,14.3,25.3,,,,,,,
2018-04-04,21.6,16.8,,,,,,,,
2018-04-05,24.1,19,,,,,,,,
2018-04-06,18.9,,30.6,0,,,,,,
2018-04-07,17.9,16.2,,52.1,,,,,,
2018-04-08,19.7,16.8,,4.1,,,,,,
2018-04-09,22.1,18,,6.1,,,,,,
2018-04-10,25.8,21.8,,0,,,,,,
2018-04-11,26.7,23.2,,,,,,,,
2018-04-12,18.6,16.1,33.3,19.1,,,,,,
2018-04-13,14.9,9.8,20.2,0,,,,,,
2018-04-14,18.3,13.3,,,,,,,,
2018-04-15,20.2,17.4,,,,,,,,
2018-04-16,21.3,18.8,,,,,,,,
2018-04-17,22.9,19.6,25.9,,,,,,,
2018-04-18,24.2,20.4,,,,,,,,
2018-04-19,24.1,21.6,30.5,,,,,,,
2018-04-20,23.1,,29.2,5.1,,,,,,
2018-04-21,21.8,20,,21.1,,,,,,
2018-04-22,22.9,20.2,,0,,,,,,
2018-04-23,20.8,19.1,27.2,18,,,,,,
2018-04-24,19.5,17,22.1,0,,,,,,
2018-04-25,22.4,18.8,,0.5,,,,,,
2018-04-26,23.3,20.9,28.6,0,,,,,,
2018-04-27,25.8,22.4,,,,,,,,
2018-04-28,21.1,20,32.3,7.1,,,,,,
2018-04-29,19.9,18,22.8,108,,,,,,
2018-04-30,19.3,18.2,,22.1,,,,,,
2018-05-01,15.6,13.4,21.6,0,,,,,,
2018-05-02,17.4,14.4,18,2,,,,,,
2018-05-03,18.6,16.2,,11.9,,,,,,
2018-05-04,18.4,17.1,22.4,0,,,,,,
2018-05-05,18,16,,4.1,,,,,,
2018-05-06,19.6,17.4,,5.1,,,,,,
2018-05-07,20.7,18.6,22.6,0,,,,,,
2018-05-08,19.8,18.6,23.2,6.1,,,,,,
2018-05-09,19.3,18.4,,49,,,,,,
2018-05-10,18.6,17.1,21.2,0,,,,,,
2018-05-11,17.7,14.8,20,67.1,,,,,,
2018-05-12,16.1,10.9,,0,,,,,,
2018-05-13,15.4,11.2,23.1,,,,,,,
2018-05-14,18.3,13,,,,,,,,
2018-05-15,17.8,14.3,,,,,,,,
2018-05-16,12.4,9,21.5,,,,,,,
2018-05-17,11.5,9.8,17,0,,,,,,
2018-05-18,12.4,7.6,,5.1,,,,,,
2018-05-19,11.6,8.6,20.2,8.9,,,,,,
2018-05-20,11.9,7.1,,0,,,,,,
2018-05-21,13.8,8.7,,,,,,,,
2018-05-22,11.4,5.5,19.4,,,,,,,
2018-05-23,13,7.2,,,,,,,,
2018-05-24,14.7,10,,,,,,,,
2018-05-25,14.7,10.2,21.6,,,,,,,
2018-05-26,14.9,11.7,19.4,,,,,,,
2018-05-27,17.9,12.8,,,,,,,,
2018-05-28,20.3,16,,,,,,,,
2018-05-29,22.4,18.8,26,0.5,,,,,,
2018-05-30,17,,25.1,43.9,,,,,,
2018-05-31,11.8,10.4,17.5,4.1,,,,,,
2018-06-01,10.2,8,13.2,8.9,,,,,,
2018-06-02,8.6,5.2,12.9,0,,,,,,
2018-06-03,8.8,4.6,13,,,,,,,
2018-06-04,10,5.3,13.3,0.3,,,,,,
2018-06-05,9.4,6.4,,1,,,,,,
2018-06-06,10.8,6.5,,0,,,,,,
2018-06-07,10.7,7.9,17.4,,,,,,,
2018-06-08,9.7,5.1,,,,,,,,
2018-06-09,12.3,7.7,17,,,,,,,
2018-06-10,15.2,9.6,,,,,,,,
2018-06-11,13.4,12,17.6,,,,,,,
2018-06-12,11.4,,15,0,,,,,,
2018-06-13,8.1,6.7,13,5.1,,,,,,
2018-06-14,7.9,4.1,,0,,,,,,
2018-06-15,6.4,2.4,12.5,,,,,,,
2018-06-16,6.6,1.9,,,,,,,,
2018-06-17,9.7,3.9,,,,,,,,
2018-06-18,11.9,5.8,,,,,,,,
2018-06-19,13.1,8.2,19.1,,,,,,,
2018-06-20,13.9,9,19,,,,,,,
2018-06-21,15.6,11.2,19.2,0.3,,,,,,
2018-06-22,10.2,5.5,16.6,0,,,,,,
2018-06-23,12.5,8.4,16.9,0,,,,,,
2018-06-24,5.4,0,17.5,,,,,,,
2018-06-25,7.8,1.2,,,,,,,,
2018-06-26,10.4,5.1,,,,,,,,
2018-06-27,12.8,7.6,,,,,,,,
2018-06-28,12.2,7.7,21.1,,,,,,,
2018-06-29,14.5,9,,,,,,,,
2018-06-30,11.8,9.3,20.1,,,,,,,
2018-07-01,13.4,10.8,15.4,,,,,,,
2018-07-02,11.9,,16.9,0.3,,,,,,
2018-07-03,6.7,2.8,,0,,,,,,
2018-07-04,7.7,3.4,9.5,0,,,,,,
2018-07-05,9.7,7,,0,,,,,,
2018-07-06,10.1,9.2,11.2,,,,,,,
2018-07-07,11.1,9.8,12.2,10.9,,,,,,
2018-07-08,11.1,8.8,,7.1,,,,,,
2018-07-09,9.2,8,15.1,0,,,,,,
2018-07-10,7.8,4.6,10.6,0,,,,,,
2018-07-11,10.6,7.6,,0,,,,,,
2018-07-12,12.3,8.7,15.5,,,,,,,
2018-07-13,12.8,9.5,,,,,,,,
2018-07-14,15.6,10.4,,,,,,,,
2018-07-15,13.9,11,22.5,,,,,,,
2018-07-16,10.2,8.2,17.2,,,,,,,
2018-07-17,10.7,8,,,,,,,,
2018-07-18,12.6,11,,0.5,,,,,,
2018-07-19,13.1,12.2,14,16,,,,,,
2018-07-20,9,6.5,12.6,23.9,,,,,,
2018-07-21,8.4,3.9,15.1,0.5,,289,14.7,,1017.4,
2018-07-22,9.9,4.1,15.1,0,,325,9.8,,1019,
2018-07-23,7.6,3.4,12,,,195,9.7,,1030,
2018-07-24,5.6,1,11.7,,,126,7.7,,1034.6,
2018-07-25,9.8,3,11.5,,,111,15.5,,1030.3,
2018-07-26,11.8,9.8,13,43.9,,128,16.2,,1021.3,
2018-07-27,12.1,11.3,13.2,2,,112,8.1,,1019,
2018-07-28,12.2,11.5,12.8,2,,275,7.4,,1012.9,
2018-07-29,11.4,9,13.2,18,,253,15.5,,1011.4,
2018-07-30,10.2,5,17.2,0,,246,9,,1018.4,
2018-07-31,7.8,2.2,17.5,0,,153,6.5,,1026.7,
2018-08-01,8,3.4,13,,,27,6.9,,1025.8,
2018-08-02,8.2,3,12.2,,,63,7.9,,1024.9,
2018-08-03,10.7,6.4,12.8,,,108,7.7,,1020.7,
2018-08-04,11.7,8.5,16,0.5,,235,7.3,,1019.9,
2018-08-05,11.8,6.6,20,0,,327,6.9,,1018.5,
2018-08-06,14.5,9.4,20.2,,,351,11.9,,1018,
2018-08-07,15.3,11.5,19.5,,,11,14.2,,1013.3,
2018-08-08,13.4,8,19,11.9,,255,16.8,,1014.5,
2018-08-09,9.6,6.8,13.3,9.9,,184,17.5,,1023.4,
2018-08-10,9.2,5,13.4,0,,202,9,,1023.1,
2018-08-11,12.7,6.7,15.6,,,10,6.1,,1022.7,
2018-08-12,14.9,11.9,18.6,0,,34,10.4,,1020.7,
2018-08-13,14.7,12,18.6,,,49,8.6,,1015.4,
2018-08-14,13.7,9.7,17.2,5.1,,225,13.4,,1021.1,
2018-08-15,11.1,5.8,17,0,,107,5.8,,1026.9,
2018-08-16,13.2,8.3,17.3,,,13,10.7,,1025.7,
2018-08-17,15.2,11.8,19.6,,,16,11.4,,1021.1,
2018-08-18,17.9,10.5,24.3,,,332,15.2,,1016.8,
2018-08-19,9.7,7.2,25.2,10.9,,178,17.6,,1029.4,
2018-08-20,7.4,3,13,0,,200,11.4,,1032.1,
2018-08-21,7.8,2.4,13.1,0,,303,5.5,,1029,
2018-08-22,10.8,4.4,15.7,,,1,11.4,,1023.1,
2018-08-23,12.3,9.5,16.3,,,33,14.2,,1014.2,
2018-08-24,11.8,9.3,14.6,,,175,13.9,,1015.8,
2018-08-25,9.4,3.6,14.6,,,229,12.9,,1024.5,
2018-08-26,12.1,6,19.8,,,322,15.8,,1022.3,
2018-08-27,16.1,9.6,22.3,0,,340,16.4,,1018.2,
2018-08-28,16.7,11.6,22.6,,,359,12.5,,1016.3,
2018-08-29,17.9,10.9,24.7,,,41,7.7,,1011.8,
2018-08-30,14.8,8.1,25.5,0,,145,19,,1015.1,
2018-08-31,8.6,6,13.6,14,,142,21.3,,1023.7,
2018-09-01,10.3,7,15.4,0,,124,16.7,,1026.2,
2018-09-02,12.3,7.4,17.3,,,126,10.7,,1024.3,
2018-09-03,13.6,10,17.4,,,157,5.9,,1023.9,
2018-09-04,14.2,9.1,19.8,,,2,9.3,,1020.9,
2018-09-05,17.2,13,22.2,,,356,15.5,,1016.5,
2018-09-06,18.7,14,24.2,,,1,9.9,,1015.3,
2018-09-07,18.1,14.2,25,,,117,11.6,,1020,
2018-09-08,16.8,15,21.5,,,107,17.3,,1023.1,
2018-09-09,15.2,13.2,19.4,,,90,17.9,,1025.1,
2018-09-10,14.7,12.8,17.7,4.1,,87,16.8,,1025.5,
2018-09-11,16,13,20.4,0,,56,13.7,,1022.5,
2018-09-12,16.4,13.9,20.6,,,69,12.5,,1019.9,
2018-09-13,16.1,11.2,20.6,,,119,11.4,,1019,
2018-09-14,15.9,13.5,21.6,0,,113,10.8,,1017.8,
2018-09-15,16.2,14.9,19.6,0,,101,9.3,,1014.8,
2018-09-16,17.9,15.4,20.2,10.9,,62,7.8,,1014.1,
2018-09-17,17.5,14.1,22.3,,,95,6.6,,1013.4,
2018-09-18,21.2,16.6,22.7,,,31,12,,1008.2,
2018-09-19,16.8,11.6,23,27.9,,248,11.8,,1011.4,
2018-09-20,20.7,11,22.7,0,,352,9.5,,1015.9,
2018-09-21,21.4,16.6,28.4,,,353,11.2,,1011.1,
2018-09-22,24.3,18.6,30.2,,,20,12.9,,1005.1,
2018-09-23,21.6,18,31.8,,,114,13.3,,1009.8,
2018-09-24,18.9,11.8,24.1,,,125,10.5,,1018,
2018-09-25,19.1,16.4,22.9,,,81,13.3,,1016.1,
2018-09-26,20.2,17.9,22.7,,,116,15.4,,1014.7,
2018-09-27,17.2,14.7,23.6,0,,91,21.3,,1017,
2018-09-28,17.4,15,21.4,9.9,,47,16,,1012.7,
2018-09-29,19.9,16.6,22.1,7.9,,61,15.7,,1003.7,
2018-09-30,17.8,15,22.2,48,,122,13.3,,1007.7,
2018-10-01,14.3,12.2,20.5,2,,187,15.1,,1016.8,
2018-10-02,12.1,5,17.9,0,,299,7,,1018.6,
2018-10-03,16.9,10.4,23.4,,,276,9.6,,1019.1,
2018-10-04,16.4,9.7,23.7,,,228,8,,1023.1,
2018-10-05,14.8,9.9,21.4,,,114,8.8,,1025.1,
2018-10-06,15.9,11.5,21.2,,,35,11.6,,1019,
2018-10-07,19.6,15.2,24.4,,,18,10.9,,1013,
2018-10-08,23.1,18.2,28.6,,,359,12.8,,1006.9,
2018-10-09,21.1,15.3,29.4,7.1,,178,11.9,,1012.5,
2018-10-10,17.4,11.8,24,0,,172,13.4,,1022.2,
2018-10-11,13.9,12,22,,,92,13.1,,1025.1,
2018-10-12,13.4,10.4,16.2,4.1,,108,10.3,,1019.3,
2018-10-13,15.9,8.7,24.4,0,,225,7.5,,1019.7,
2018-10-14,19.9,13.9,25.9,,,316,12.6,,1016.9,
2018-10-15,21.1,14.9,28.6,,,329,14,,1011.4,
2018-10-16,23.9,17.6,27.1,,,16,12.1,,1008,
2018-10-17,23.3,18,28.7,,,75,9.2,,1008.4,
2018-10-18,21.5,17,28.7,2,,120,17.1,,1015.9,
2018-10-19,17.1,13.2,23.4,0,,118,19.6,,1024.5,
2018-10-20,15.8,13.5,21.3,3,,70,16.2,,1023.2,
2018-10-21,17.1,13.3,20,2,,48,12,,1017.4,
2018-10-22,18.2,12.6,23.8,1,,165,10,,1016.1,
2018-10-23,17,11.4,19,0,,112,17.3,,1023.2,
2018-10-24,13.7,12.9,19.1,1,,84,15.8,,1021.7,
2018-10-25,16.9,12.2,20.1,4.1,,123,10.5,,1019.1,
2018-10-26,17.4,13.8,21.7,0,,126,11.4,,1018,
2018-10-27,17.4,12.2,22.1,0,,108,8.9,,1017.3,
2018-10-28,19.3,13.4,24.4,,,52,8.4,,1016.5,
2018-10-29,22.2,18.5,26.4,,,21,12.2,,1011.9,
2018-10-30,20.2,17.4,27.1,2,,18,11.4,,1010.4,
2018-10-31,17.8,14,19.8,6.1,,181,14,,1014.9,
2018-11-01,13.8,8.8,20.6,0,,119,12.5,,1019.8,
2018-11-02,15.9,12.4,19.5,,,62,15.8,,1011.5,
2018-11-03,20,13.8,26.3,0.5,,91,8.7,,1011.9,
2018-11-04,22.1,15.5,27.4,0,,28,9.5,,1014,
2018-11-05,23.1,19.6,27.5,,,37,11.5,,1014.4,
2018-11-06,22.6,17,26.9,,,128,13.6,,1020.7,
2018-11-07,19,13.4,26.9,,,93,15.1,,1025.7,
2018-11-08,21.7,16.5,27.4,,,28,16,,1017.6,
2018-11-09,27,19.4,32.5,,,2,13.5,,1010.1,
2018-11-10,22.9,17.6,32.8,41.9,,51,12.8,,1006.7,
2018-11-11,22.3,17.4,25.8,82,,81,15.5,,1007.9,
2018-11-12,24.4,21.7,28.1,0,,54,14.8,,1006.5,
2018-11-13,23.3,21.1,28.4,34,,240,12.6,,1002.4,
2018-11-14,21.4,16.2,26.7,0,,262,18.1,,1004.4,
2018-11-15,23.9,18,30.2,,,247,13.4,,1009.6,
2018-11-16,17.1,11.4,30.7,9.9,,103,18,,1018.3,
2018-11-17,19.9,16,23.4,0,,331,16.8,,1008.7,
2018-11-18,19.5,13.2,24.9,5.1,,240,12.1,,1015.5,
2018-11-19,21.9,15.8,28.3,0,,323,13,,1015.7,
2018-11-20,24.9,18.2,30.2,,,339,15.2,,1013.6,
2018-11-21,27.6,21.3,34.2,,,346,15.7,,1010,
2018-11-22,25.7,16.7,34.6,,,34,15.4,,1010,
2018-11-23,17.1,12.7,31.2,3,,140,19.8,,1016,
2018-11-24,18.8,13,24.4,0,,163,13,,1015.1,
2018-11-25,19.3,11.5,25.6,,,85,7.4,,1016.5,
2018-11-26,22.9,18.9,26.9,,,28,10,,1018.7,
2018-11-27,22.3,20.9,27,,,64,14.7,,1018.1,
2018-11-28,21.7,19.2,23.6,0,,100,17,,1016.5,
2018-11-29,20.2,17.6,24,0,,125,13.9,,1014.4,
2018-11-30,21.6,18.1,24.9,0,,114,8.4,,1010.7,
2018-12-01,18,13.5,26,13,,169,20.9,,1017.3,
2018-12-02,15.2,9.2,20.5,0,,174,10.7,,1021.2,
2018-12-03,20.1,13.5,28.1,,,281,14.5,,1011.6,
2018-12-04,20.4,14.2,28.3,,,135,12.1,,1007.4,
2018-12-05,19.3,13.9,24.4,,,137,11.9,,1015,
2018-12-06,17.9,13.7,25,,,128,14.5,,1023.5,
2018-12-07,17.1,10.5,22.2,,,86,9.4,,1024.2,
2018-12-08,21.1,16,26.8,,,0,12.3,,1017.1,
2018-12-09,23.6,19.6,28.8,,,330,13.4,,1012,
2018-12-10,22.7,15.6,29.7,6.1,,341,8.8,,1013.3,
2018-12-11,23.6,21,30,3,,342,13.8,,1009.9,
2018-12-12,24.4,19.6,30.1,11.9,,150,9.9,,1013.2,
2018-12-13,19.9,15.8,30.5,0.8,,70,21.6,,1010.2,
2018-12-14,20.4,15.2,25.7,101.1,,234,13.3,,1007,
2018-12-15,21.4,14.3,26.7,0,,315,9.2,,1016.7,
2018-12-16,25.2,19.4,31.5,,,351,12.1,,1012.3,
2018-12-17,23.3,19,31.6,80,,136,15.3,,1011.5,
2018-12-18,19.2,15,24.3,0,,107,15.7,,1018.9,
2018-12-19,21.7,18,26.2,0.5,,52,11.2,,1013.1,
2018-12-20,24.5,21,27,0,,53,9.5,,1008,
2018-12-21,23.3,19.6,27.6,55.9,,232,12.2,,1006.9,
2018-12-22,23.3,17.8,28,0,,153,9,,1011.1,
2018-12-23,24.9,19.8,29.3,,,11,9,,1014.5,
2018-12-24,26.9,22,30.8,,,17,10.3,,1014.9,
2018-12-25,26.7,22.5,30.8,,,37,12.8,,1012.4,
2018-12-26,27.9,24,31.5,,,59,12.4,,1010.2,
2018-12-27,27.7,24,31.7,,,31,11.6,,1006.4,
2018-12-28,26.8,23.3,31.6,,,111,13.4,,1008.3,
2018-12-29,26.1,20.5,30.7,23.9,,48,12.7,,1005.8,
2018-12-30,24.2,18.9,30.2,31,,183,14.1,,1009.2,
2018-12-31,23.4,19.6,27.6,0,,69,13.1,,1012.8,
2019-01-01,26.6,23.4,31.2,,,38,12.5,,1009.3,
2019-01-02,27.4,23.1,32.7,2,,302,11.2,,1005.4,
2019-01-03,22.1,17,32.1,8.9,,139,13.4,,1011.9,
2019-01-04,23.1,17.8,28.9,0,,357,10.1,,1013.9,
2019-01-05,25.9,21.2,29.7,,,29,12.8,,1012.1,
2019-01-06,25.4,22.2,30.1,1,,20,12,,1006.2,
2019-01-07,24.3,20.8,28.2,4.1,,192,9.9,,1000.7,
2019-01-08,26.8,22.1,30.7,0,,340,11.1,,1007,
2019-01-09,27.5,21.5,31,0,,140,10.5,,1006.6,
2019-01-10,22.2,19.6,29.9,0,,143,17.1,,1014.3,
2019-01-11,19.4,12.5,23.8,0.5,,108,11.5,,1019.7,
2019-01-12,23.9,20.2,28,0,,43,12.9,,1015.5,
2019-01-13,24.2,22.9,28.3,0,,81,10.8,,1013.8,
2019-01-14,24.2,20.3,27.8,4.1,,124,11.2,,1013.2,
2019-01-15,22.9,20,27.8,5.1,,116,10.8,,1010.5,
2019-01-16,23.2,18.9,29.3,39.1,,299,7.5,,1009.9,
2019-01-17,22.6,18.2,29.6,0,,137,18.5,,1018.5,
2019-01-18,18.7,13.7,24.1,4.1,,130,15.6,,1021.4,
2019-01-19,20.8,14.6,25,0.5,,96,10.8,,1022.2,
2019-01-20,22.7,19.4,26,0,,42,13.7,,1018,
2019-01-21,25.4,20.6,30.5,,,339,12,,1012.9,
2019-01-22,28.4,23.6,32.9,,,331,12.3,,1010.7,
2019-01-23,27.4,23,33.4,,,87,16.1,,1014,
2019-01-24,26.2,23.2,30.4,,,58,15.9,,1015.7,
2019-01-25,24.3,22.5,31,0,,39,15.7,,1012.7,
2019-01-26,26.5,22,31.8,26.9,,79,9.2,,1012.6,
2019-01-27,27.8,24.8,32.5,0,,85,11.4,,1012,
2019-01-28,30.3,26.6,36,,,338,10.6,,1009,
2019-01-29,31.9,26.8,36.7,,,332,13.7,,1007.6,
2019-01-30,26.9,23.2,37.1,39.1,,284,12,,1007.8,
2019-01-31,25.3,18.2,31.4,0,,105,12.7,,1012,
2019-02-01,28.3,22.2,32.2,,,219,8.9,,1011.7,
2019-02-02,25.3,20.8,32.2,,,145,18.4,,1019.9,
2019-02-03,20.1,14.3,26.6,,,120,14.1,,1025.5,
2019-02-04,21.9,18.2,25.2,,,81,8,,1023.2,
2019-02-05,23.4,17.9,27.1,,,50,9.2,,1019.9,
2019-02-06,25.1,19.2,29,,,29,11.4,,1014.5,
2019-02-07,26.7,22.1,30.6,,,24,11.4,,1009.6,
2019-02-08,28.3,23.5,32.7,,,331,11.1,,1008.5,
2019-02-09,28.6,24,35.2,,,42,7.9,,1007.9,
2019-02-10,28.4,21.8,35.5,,,334,8.7,,1004.1,
2019-02-11,25.1,19.5,35.3,,,146,16.2,,1009,
2019-02-12,18.1,12.2,25.5,,,156,14.9,,1025,
2019-02-13,20.1,15.6,23.7,,,34,8.9,,1020.9,
2019-02-14,20.5,16.6,24.1,,,49,7.5,,1016.6,
2019-02-15,21.3,15.2,27.5,,,55,6,,1015.9,
2019-02-16,23.7,16.9,29,,,24,6.6,,1016.2,
2019-02-17,26.2,22.2,30.5,,,32,10.8,,1013.9,
2019-02-18,26.9,23,31.2,,,359,11.8,,1009.4,
2019-02-19,29.5,23.5,35.6,,,306,10.9,,1006.7,
2019-02-20,31.3,26.6,36,,,324,10.1,,1007.1,
2019-02-21,30.7,24.5,36.6,,,14,9.9,,1009.9,
2019-02-22,28.8,26.2,34,,,321,6.5,,1009.2,
2019-02-23,24.6,22.5,27.8,22.4,,58,4.2,,1005.7,
2019-02-24,21.8,17.7,26.7,,,103,6.6,,1006.7,
2019-02-25,19.1,13.3,24.5,,,154,9.9,,1013.8,
2019-02-26,17.8,11,23.6,,,197,6.9,,1017.8,
2019-02-27,19.8,14.7,27.2,,,286,8.5,,1015.5,
2019-02-28,20.3,14.3,27.5,,,31,6.1,,1014.6,
2019-03-01,24.1,17.6,31.2,,,307,12.3,,1009.5,
2019-03-02,23.3,16.6,31.3,,,154,8.4,,1013.4,
2019-03-03,22.4,18.6,26.8,,,11,9.8,,1013.5,
2019-03-04,22.5,19.7,26.4,,,322,5.1,,1008.8,
2019-03-05,22.3,17.4,27,,,30,4.5,,1014.5,
2019-03-06,26.1,20,32.7,,,336,5.7,,1011.1,
2019-03-07,28.1,20.7,32.7,,,329,8.2,,1006.8,
2019-03-08,20.3,16.7,32.5,,,122,13.3,,1018.2,
2019-03-09,17,10.7,23.2,,,113,10.9,,1026.9,
2019-03-10,19.7,13.9,23.5,,,74,8.1,,1025.7,
2019-03-11,21.1,18,24.2,,,13,10.4,,1019.8,
2019-03-12,20.5,18.9,24.5,,,86,6.2,,1012.8,
2019-03-13,19.1,17.5,23.6,,,168,10.5,,1012.1,
2019-03-14,20.7,15.8,26.2,,,113,5.9,,1014.6,
2019-03-15,22,17.2,26.7,0,,87,8.6,,1016.8,
2019-03-16,23.5,21.6,26.2,,,54,8.7,,1015.9,
2019-03-17,24.2,21.5,27.7,,,22,7,,1011.4,
2019-03-18,24.7,20,30.1,,,220,4.9,,1008.4,
2019-03-19,18.6,16,30.3,,,105,9.4,,1016.3,
2019-03-20,16.6,11.8,21.5,,,146,9.5,,1022.9,
2019-03-21,15.4,10.9,21.5,,,76,5.5,,1022.6,
2019-03-22,18.4,13.8,22.5,,,352,5.9,,1019.7,
2019-03-23,19.4,13.7,25.5,,,338,7,,1015.8,
2019-03-24,20.1,15.9,25.6,,,196,10.2,,1015.4,
2019-03-25,16.3,10.5,23.2,,,149,9.8,,1020.2,
2019-03-26,17.3,12,21.9,,,94,7.7,,1024.9,
2019-03-27,17.8,12.2,22.5,,,76,7.1,,1028,
2019-03-28,20.6,16.9,25.2,,,19,10,,1025.9,
2019-03-29,22.2,19.8,26.6,,,12,8.8,,1019.4,
2019-03-30,24.5,19.6,29.7,,,359,2.7,,1015.3,
2019-03-31,24.4,19.7,29.9,,,30,4.7,,1015.6,
2019-04-01,23.6,21.3,29.2,,,31,4.8,,1014.6,
2019-04-02,26,22,32.5,,,323,7,,1010.6,
2019-04-03,21.5,17,32.7,,,70,9.5,,1011.3,
2019-04-04,21.6,19,29.2,,,263,10.7,,1003.5,
2019-04-05,17.5,13,29.4,,10,147,11.1,,1017.7,
2019-04-06,17,11.5,22.4,,,338,5.3,,1021.3,
2019-04-07,18.8,11.9,25.7,,,296,5.7,,1019.8,
2019-04-08,20.7,14.1,27.6,,,328,4,,1019.2,
2019-04-09,22,15.5,27.8,,,357,5.7,,1016.9,
2019-04-10,23.1,18.8,27.7,,,338,6.7,,1013.9,
2019-04-11,17.9,14,27.3,,10,151,7.8,,1017,
2019-04-12,15.4,9.6,20.7,,,350,5,,1016.9,
2019-04-13,19.8,14.1,25.5,,,329,8.2,,1012.2,
2019-04-14,22,17,28.7,,,297,5.7,,1013,
2019-04-15,19,16.7,28.8,,,97,9.4,,1021.9,
2019-04-16,17.1,11.3,22.6,,,37,5.2,,1021.8,
2019-04-17,20.1,14.4,24.6,,,316,8.3,,1015.8,
2019-04-18,20.7,16.5,26,,,321,6,,1012.7,
2019-04-19,22.6,17.3,29.2,,,280,5.5,,1010.2,
2019-04-20,20.4,14.6,29.5,,,95,8.9,,1014.1,
2019-04-21,16.5,11.3,23.6,,,64,3.7,,1017.7,
2019-04-22,15.9,12,21.7,,,75,4.3,,1020.7,
2019-04-23,16.7,14,21.9,,,36,5.5,,1022.8,
2019-04-24,16.7,12.7,20,,,92,7.3,,1023.2,
2019-04-25,18.7,16,20.6,,,61,14.2,,1022.8,
2019-04-26,17.8,16,20.6,,10,64,10.4,,1017.8,
2019-04-27,18.2,15.7,20.5,11.9,20,139,5.8,,1012.3,
2019-04-28,19.2,16.4,23.7,,,295,4.9,,1012.3,
2019-04-29,19,14.4,24.7,,,253,6.6,,1012.7,
2019-04-30,15.1,10.6,24.8,,,91,6.7,,1020.1,
2019-05-01,14.8,8.7,21.2,,,325,8.2,,1016.7,
2019-05-02,19.1,13.8,24.5,,,299,9.9,,1006.8,
2019-05-03,20.6,16.5,26.7,,,262,5.1,,1009.9,
2019-05-04,19.1,17.2,27.2,,,53,10.4,,1014.6,
2019-05-05,19.1,18.1,21,,,109,9.1,,1013.3,
2019-05-06,16.9,13.2,21,,20,111,7.3,,1021.6,
2019-05-07,15,11,21.3,,,69,7.7,,1022.4,
2019-05-08,17.1,13.6,20,,,44,8.9,,1020.4,
2019-05-09,17.4,15.2,20.2,,,36,8.8,,1010.5,
2019-05-10,16.6,14.5,19.9,,20,221,11.9,,1008.3,
2019-05-11,14.9,10.4,20.7,,,215,7,,1015.3,
2019-05-12,16,11,23.7,,,289,6.2,,1019.2,
2019-05-13,18,12,24.5,,,180,8.2,,1023.5,
2019-05-14,13.4,8.4,24.6,,,92,8.1,,1029.6,
2019-05-15,16.1,11,19.7,,,352,5.7,,1027.4,
2019-05-16,15.9,11.2,23,,,348,7,,1023.9,
2019-05-17,19.6,13.2,23.3,,,338,13.4,,1017.6,
2019-05-18,20.6,17,25.2,,,328,7.8,,1015.6,
2019-05-19,15.8,13.2,25.2,,10,120,6.7,,1018.1,
2019-05-20,13.9,10.2,17.5,,,84,12.9,,1017.9,
2019-05-21,14.6,12.4,17.7,,20,125,11.7,,1020.3,
2019-05-22,13.4,9.4,18.2,,,134,7.8,,1022.8,
2019-05-23,12.3,6.3,18.2,,,249,2.7,,1020.6,
2019-05-24,13.3,7.2,21.1,,,281,4.7,,1016.3,
2019-05-25,14.8,10.8,21.1,,,300,7.3,,1014.4,
2019-05-26,16,12.9,19.5,,,327,7.6,,1011.9,
2019-05-27,15.6,13.5,19.4,,,74,2.8,,1012.3,
2019-05-28,14.7,10.4,18.8,,,114,3.3,,1015.5,
2019-05-29,11.4,7.7,18.2,,,100,4.8,,1020.1,
2019-05-30,11.8,8.5,13.7,,,78,9.4,,1019.7,
2019-05-31,13.1,10.4,17,,,86,5.6,,1018.5,
2019-06-01,15,10.8,19.2,,,322,5.1,,1018,
2019-06-02,15.1,8.7,20.6,,,294,3.2,,1021.4,
2019-06-03,15.8,10,21.5,,,280,3.8,,1024.7,
2019-06-04,15.1,11.2,21.4,,,344,10.3,,1024.3,
2019-06-05,16,12.9,19.6,,,329,13.4,,1017,
2019-06-06,17,13.8,20.5,,,315,7.9,,1012,
2019-06-07,15.9,11.6,20.4,,,173,7.2,,1017,
2019-06-08,13.4,8.2,20.6,,,294,4.5,,1020,
2019-06-09,14.8,9.2,20.6,,,335,6.8,,1017,
2019-06-10,17.3,12.8,19.9,,,270,4.3,,1015.6,
2019-06-11,15.2,12.6,17.9,,,75,10.2,,1016.4,
2019-06-12,19,14.8,21.7,,,327,6.2,,1010.1,
2019-06-13,17.7,15.5,21.9,,,52,8.6,,1011.2,
2019-06-14,16.1,13.2,19.6,,10,195,8.1,,1014.7,
2019-06-15,12.8,11,15.8,,10,115,14.8,,1019,
2019-06-16,15.7,11.5,17.5,44.2,51,74,12.1,,1020.1,
2019-06-17,16.2,13.6,17.5,22.1,30,355,4.3,,1018.4,
2019-06-18,12.5,10.5,17.4,,71,269,9.7,,1011.4,
2019-06-19,13.7,11.1,18.1,,,240,9.6,,1014.5,
2019-06-20,11.7,5.5,18.1,,,325,5.2,,1022.1,
2019-06-21,13.7,7.2,16.4,,,336,6.7,,1019.9,
2019-06-22,16.7,13.4,20.2,,,5,2.8,,1018.7,
2019-06-23,17.9,14.7,21.2,,,314,3.9,,1011.8,
2019-06-24,13.9,10.2,21.5,,,80,7.1,,1006.5,
2019-06-25,11.7,7.9,15.2,,10,170,13.4,,1009.4,
2019-06-26,9,4.4,14.5,,,250,8.3,,1014.9,
2019-06-27,11.3,6.7,15.1,,,332,13.1,,1012.6,
2019-06-28,13.4,8.3,15.3,,,22,6.5,,1009.2,
2019-06-29,13.2,11.7,14.7,,,115,5.4,,1009.2,
2019-06-30,10.4,8.8,14,,,210,8.7,,1017.9,
2019-07-01,8.2,2.2,13.6,,,274,8.2,,1018.6,
2019-07-02,10.8,4.8,15.6,,,263,9.6,,1007.4,
2019-07-03,8.4,4.1,15.6,,,225,9.8,,1012.9,
2019-07-04,7.3,3.9,11.9,,,194,10.4,,1020,
2019-07-05,5.9,1.2,11,,,191,10.7,,1028.2,
2019-07-06,6.2,0.2,12.1,,,273,3.3,,1030,
2019-07-07,7.9,1.2,13.1,,,303,7.3,,1027,
2019-07-08,10.4,5.3,14.2,,,339,7.4,,1023,
2019-07-09,12.8,7,16.7,,,3,4.5,,1021.2,
2019-07-10,13.4,10.2,16.9,,,31,3.4,,1017.5,
2019-07-11,12.9,8.4,18.1,,,80,5.7,,1014,
2019-07-12,14.6,10.6,19.4,44.2,41,141,6.5,,1013.7,
2019-07-13,10.2,6.1,17.4,,,133,4.3,,1018.8,
2019-07-14,9.1,4.4,14,,,31,3.5,,1020.3,
2019-07-15,12.1,5.5,17.6,,,140,2.9,,1021.6,
2019-07-16,10.3,4.6,17.6,,,342,5.2,,1024.4,
2019-07-17,13,5.8,17.5,,,332,13,,1022.4,
2019-07-18,14,10.7,17.5,,,336,5.7,,1020.4,
2019-07-19,14.6,9.9,19.7,,,11,4.5,,1018,
2019-07-20,16.1,11.1,19.8,,,340,8.4,,1011.6,
2019-07-21,21.4,12.7,27.6,,,316,15.6,,1002.5,
2019-07-22,12.8,9.4,27.6,,10,137,10.2,,1017.8,
2019-07-23,10.3,8,16.3,,,135,7.8,,1025.8,
2019-07-24,10.3,4.4,15,,,119,6.4,,1029.6,
2019-07-25,10.4,7,15,,,80,8,,1025.5,
2019-07-26,12.3,9.5,14,19.8,20,154,6.2,,1018.8,
2019-07-27,12.7,6.2,17.7,,,256,4,,1027,
2019-07-28,12.2,8,18,,,21,7.4,,1024.6,
2019-07-29,13.1,9.5,15.6,,,2,2.1,,1019,
2019-07-30,12.4,7.5,18.2,,,307,6.3,,1017.9,
2019-07-31,15.1,8.7,20.5,,,295,9.9,,1010.7,
2019-08-01,14.1,12,20.5,,,215,11.8,,1012.6,
2019-08-02,11.3,6.5,16.8,,,200,13.8,,1023.2,
2019-08-03,11.1,5.6,17.1,,,196,6.5,,1028,
2019-08-04,12.3,7.6,18,,,312,11.7,,1028.8,
2019-08-05,13.9,9.7,19,,,325,13,,1023.1,
2019-08-06,16.3,10.3,22.7,,,322,10.8,,1015.6,
2019-08-07,13.7,10.9,22.8,,,68,9.4,,1020.8,
2019-08-08,11.8,10.2,16.8,,,89,10.9,,1026.5,
2019-08-09,9.4,7.3,15,,10,126,8.6,,1021.4,
2019-08-10,10.3,3.4,17.5,,10,277,7.6,,1019.2,
2019-08-11,12.7,7.3,18,,,327,8.2,,1017,
2019-08-12,11.9,9,18.1,,,190,10.5,,1021.3,
2019-08-13,7.2,2,13.7,,,154,7.9,,1034.6,
2019-08-14,6.6,1,11.3,,,337,10.5,,1033.1,
2019-08-15,11.3,5.3,16.5,,,334,6.9,,1024,
2019-08-16,15,10,20.7,,,0,4.5,,1014.5,
2019-08-17,14.7,11.7,21,,10,110,5.8,,1010.3,
2019-08-18,10.4,7,17.2,,20,106,11.7,,1024.9,
2019-08-19,6.4,2.2,13,,,94,7.1,,1030.6,
2019-08-20,8.2,4,11.7,,,84,7.8,,1031.4,
2019-08-21,9.6,7.1,12.5,,,43,9.6,,1029.9,
2019-08-22,11.3,8.6,15.6,,,13,4.4,,1028.6,
2019-08-23,11.6,6.2,17.6,,,2,4.1,,1026.1,
2019-08-24,13.8,9.9,17.8,,,334,8.7,,1023.4,
2019-08-25,15.1,11.5,18,,,19,7.2,,1020.3,
2019-08-26,17.6,13.2,23.2,,,341,4.5,,1018.4,
2019-08-27,18.3,12.6,23.5,,,10,6.6,,1021.7,
2019-08-28,20.6,16.5,26,,,327,13.1,,1012.6,
2019-08-29,21.2,15,26,,,157,7.8,,1009.9,
2019-08-30,14.2,10,22.5,,,102,5.8,,1016.8,
2019-08-31,12.8,7.3,19.1,,,191,5.3,,1019.4,
2019-09-01,11.3,7,19.8,,,203,7.3,,1020.5,
2019-09-02,10.5,6,16.1,,,248,7.4,,1018.9,
2019-09-03,8.4,2.4,16.5,,,203,7.7,,1024.2,
2019-09-04,8.9,3.5,14.2,,,144,7.7,,1029.9,
2019-09-05,9.4,6,13.6,,,56,10.5,,1031.6,
2019-09-06,11.9,8,16.2,,,49,11.6,,1022,
2019-09-07,14.8,11.4,18.6,,,122,6.4,,1014.9,
2019-09-08,13.9,11,18.8,,,63,4.5,,1013.8,
2019-09-09,13.6,12.3,19,,,119,10.5,,1010.1,
2019-09-10,13.5,11,17.1,,20,110,7.1,,1019.2,
2019-09-11,13.7,10.6,18.2,,,94,6.8,,1019.1,
2019-09-12,13.3,7.6,19,,,227,6.4,,1021.3,
2019-09-13,14.4,9,19.8,,,4,5.5,,1023.2,
2019-09-14,15.5,11.6,20.2,,,358,10.4,,1016.3,
2019-09-15,17.5,12.8,23,,,8,7.5,,1009.8,
2019-09-16,16.1,12.5,23.2,,,161,9.7,,1018.2,
2019-09-17,16,8.7,24.2,,,265,9,,1012.8,
2019-09-18,16.5,9.5,24.5,,,25,6.8,,1009.1,
2019-09-19,17.1,9.6,21.4,,,218,10.5,,1008.2,
2019-09-20,13.8,6.4,21.2,,,252,5.2,,1019.2,
2019-09-21,16.7,10.4,24.6,,,267,7.6,,1020.2,
2019-09-22,14.9,9.5,25,,,58,9.4,,1029.1,
2019-09-23,15.1,10.8,19.2,,,357,10.6,,1025.8,
2019-09-24,18.6,11.5,26.2,,,320,6.5,,1022.3,
2019-09-25,22.4,14.2,31,,,247,6,,1019.6,
2019-09-26,20.4,13,30.9,,,49,8.3,,1021.6,
2019-09-27,16.3,13.7,27.4,,,56,12.2,,1022.6,
2019-09-28,17.3,13.2,22.1,,,352,11.7,,1017.8,
2019-09-29,20.9,14.4,27.5,,,345,10.4,,1010.6,
2019-09-30,22.4,19,27.5,,,15,13,,1002,
2019-10-01,14.5,10.6,27.2,,51,128,13.5,,1007.7,
2019-10-02,14,11.2,16.9,,,123,17.7,,1019.2,
2019-10-03,11.3,6.3,17.3,,,108,15.9,,1026.2,
2019-10-04,13.8,10.8,15,,,79,9.1,,1019.4,
2019-10-05,15.4,10,20.2,,,162,7.7,,1020.6,
2019-10-06,16.1,11,20.7,,,321,11.2,,1021,
2019-10-07,19.2,13,26,,,271,9.5,,1014.4,
2019-10-08,19.4,11,27.2,,,252,4.2,,1017.1,
2019-10-09,20.6,14,28,,,308,6.9,,1015,
2019-10-10,22.3,17,28.2,,10,333,9.1,,1009.8,
2019-10-11,21.5,18,27,,20,18,8.1,,1007.8,
2019-10-12,18.9,16,23.1,,61,61,11.9,,1007.5,
2019-10-13,18,11.5,20.2,,30,110,11.8,,1016.6,
2019-10-14,11.3,8.2,19.3,,,101,15.9,,1029.8,
2019-10-15,11.4,8.6,14.2,,,85,10.9,,1029.4,
2019-10-16,14.2,11.1,16.6,11.9,10,56,13,,1023.1,
2019-10-17,16.9,13.4,19,,,20,12.2,,1015,
2019-10-18,18.3,12.2,24.7,,41,206,8.6,,1018.6,
2019-10-19,17.7,10,24.7,,,40,5.9,,1023.2,
2019-10-20,15.6,13.9,24.3,,,46,9.1,,1020.2,
2019-10-21,15.6,13.2,18.7,,,26,4.2,,1017.1,
2019-10-22,17.1,12,23,,,235,7.3,,1015.7,
2019-10-23,17.4,10.5,23.1,,,212,9.3,,1015.4,
2019-10-24,19,9.5,26.5,,,131,5.1,,1014.9,
2019-10-25,23.3,16.4,30.2,,,284,6.3,,1015,
2019-10-26,25,20.2,30.2,,,325,10.5,,1009.6,
2019-10-27,23.2,19.3,30.2,,,55,9.3,,1007.4,
2019-10-28,20.8,15.5,27.3,,10,93,8.1,,1005,
2019-10-29,17.1,13,22.8,,,103,11.8,,1009.1,
2019-10-30,18.6,15,22.7,,,106,10.5,,1014.2,
2019-10-31,19.2,13.2,24,,,66,9.1,,1019.8,
2019-11-01,19.7,16.4,24.2,,,11,13.4,,1014.4,
2019-11-02,23.1,18.2,28,,,148,9.4,,1011.4,
2019-11-03,19.3,12.2,28.3,,,38,9.6,,1011.6,
2019-11-04,20.9,18.5,24.5,,,22,6,,1005.7,
2019-11-05,20.6,14.2,25.6,,,63,5.6,,1014.3,
2019-11-06,21.7,17,27.2,,,320,7.8,,1015.2,
2019-11-07,22.8,17.8,30.2,,,293,13.1,,1012.7,
2019-11-08,19.7,14.5,31.6,,,68,12.7,,1014.7,
2019-11-09,21.1,17.7,25.2,,,67,12.1,,1016.6,
2019-11-10,20.9,16,25.6,,,59,10.5,,1020.6,
2019-11-11,21.1,18,24.7,,,25,10.2,,1019.7,
2019-11-12,22.8,18.6,28,,,11,10.5,,1013.4,
2019-11-13,26.1,20,32,,,91,5,,1008,
2019-11-14,25.2,19.4,32.4,,,91,7.7,,1010.7,
2019-11-15,24.7,19.9,30,,,347,8.2,,1012.8,
2019-11-16,22.7,19.4,29.4,,,317,9.9,,1010.4,
2019-11-17,25,17.8,31.5,,,313,6.2,,1010.1,
2019-11-18,26.5,21.7,33.2,,,333,4.4,,1013.4,
2019-11-19,25.4,19.3,33.9,,,53,6.3,,1015,
2019-11-20,28.6,23.8,34.6,,,4,7,,1012.3,
2019-11-21,27.4,21.4,34.8,,,52,10.2,,1011.5,
2019-11-22,22.2,19.4,32.5,,,98,13.5,,1015.6,
2019-11-23,18.6,12,24.7,,,87,13.4,,1021.9,
2019-11-24,21,16.6,25.6,,,15,16.8,,1016.3,
2019-11-25,19.7,16.9,25.9,,,54,10.3,,1010,
2019-11-26,21.1,17.3,25,,,164,7.6,,1009.6,
2019-11-27,22.1,12.6,28.5,,,203,6.3,,1013.5,
2019-11-28,23.6,14.6,30,,,320,8.3,,1012,
2019-11-29,24.8,20.4,31.1,,,309,8.2,,1006.4,
2019-11-30,23.1,15.8,30.6,,,218,8.4,,1009.9,
2019-12-01,21,13.5,29.3,,,126,8.7,,1019.6,
2019-12-02,21.3,13.4,26.7,,,1,8.1,,1017.6,
2019-12-03,21.2,18.2,27,,,314,8.6,,1010.9,
2019-12-04,20.6,16.7,24.7,,,126,5.8,,1011.2,
2019-12-05,18.6,11.6,25.5,,,194,7.9,,1013.1,
2019-12-06,24.1,16.7,31,,,129,8.5,,1010.4,
2019-12-07,22.3,13,31,,,30,6,,1014.8,
2019-12-08,25.7,19.4,33.2,,,315,10.2,,1010.6,
2019-12-09,27.7,20.2,36.2,,,299,7.7,,1010,
2019-12-10,30.9,23.5,37.7,,,277,6.6,,1008.1,
2019-12-11,30.6,24.5,37.9,,,298,9.7,,1004.8,
2019-12-12,23.4,20.2,36.3,,,197,15.1,,1008.9,
2019-12-13,19.6,12,26.4,,,25,7.5,,1015.6,
2019-12-14,24.4,18,30,,,352,7.8,,1012.5,
2019-12-15,21.7,19.1,30.5,,,99,7,,1008,
2019-12-16,22.1,14.4,27.7,,,352,6.6,,1009.8,
2019-12-17,23.6,17.4,28.4,,,36,7.9,,1013.1,
2019-12-18,26.4,21.5,32,,,337,13.2,,1012.4,
2019-12-19,28,22.5,32.5,,,351,9.6,,1011,
2019-12-20,23.4,18.5,32.6,,,94,9,,1008.8,
2019-12-21,18.9,13.4,26.7,,,156,12,,1011.1,
2019-12-22,19.1,10.6,27,,,134,7.5,,1015.9,
2019-12-23,23.7,16.3,30.2,,,50,8.2,,1012.6,
2019-12-24,26.9,20.5,33.2,,,314,14.6,,1005.7,
2019-12-25,22.7,15.5,33.3,,,114,10.6,,1014.1,
2019-12-26,20.9,15.3,27.2,,,74,8,,1014.7,
2019-12-27,26.2,20.4,33.2,,,13,8.4,,1012.3,
2019-12-28,27.3,25,33.3,,,5,7.5,,1010.5,
2019-12-29,28.1,22.4,34.2,,,54,4.1,,1011.9,
2019-12-30,24.6,22.7,34.3,,,90,7.3,,1009.5,
2019-12-31,24.8,21.4,27.7,,,148,10.7,,1007.3,
2020-01-01,23.1,19.2,28.5,,,114,9.9,,1013.5,
2020-01-02,22.3,18.6,26.2,,,90,13.3,,1017.9,
2020-01-03,23.9,20,27.7,,,48,9.9,,1019.6,
2020-01-04,24.9,21.6,28.7,,,13,11.2,,1013.8,
2020-01-05,26,21.1,30.2,,,18,6.1,,1004.8,
2020-01-06,23.7,19,30.3,,,236,8.3,,1004,
2020-01-07,23.8,17,30.6,,,291,5.6,,1008.3,
2020-01-08,26.9,21.5,32.5,,,325,12.2,,1006.6,
2020-01-09,27.7,23,32.8,,,55,8.9,,1007.2,
2020-01-10,26.8,22,32.2,,,81,6.6,,1010.1,
2020-01-11,25.5,19,32.5,,,52,6.2,,1011.7,
2020-01-12,26.4,21.6,31.8,,,50,10.8,,1015.5,
2020-01-13,24.6,20.8,30.3,,,53,14.8,,1015.2,
2020-01-14,25.2,21.7,29.5,,,0,10.9,,1007.8,
2020-01-15,25.1,21.5,29.5,,,168,7.9,,1004.9,
2020-01-16,20.7,13.6,28.3,,,121,9.3,,1018.8,
2020-01-17,21.6,16.8,26.4,,,32,9.3,,1021,
2020-01-18,25,21.5,29.2,,,348,8.3,,1016.5,
2020-01-19,27.7,23.5,32.7,,,12,7.4,,1012.2,
2020-01-20,29.4,24.7,34.5,,,20,5.6,,1009.4,
2020-01-21,26.3,22.5,34.4,,,81,6.5,,1009.9,
2020-01-22,26.3,22.5,30,,,67,9.3,,1013.6,
2020-01-23,26.7,23.2,31,,,6,8.9,,1014.6,
2020-01-24,28.1,23.1,33.5,,,300,11.1,,1010.9,
2020-01-25,30.2,23.8,36.5,,,244,6.8,,1006.3,
2020-01-26,28.5,22.9,36.7,,,179,7.7,,1007.1,
2020-01-27,22,15.3,34.3,,,106,13.4,,1015.9,
2020-01-28,23.1,17.9,29.8,,,19,9.2,,1011.3,
2020-01-29,24.8,17.5,30,,,125,9.7,,1009.8,
2020-01-30,19.8,13,27.6,,,91,8.6,,1015.2,
2020-01-31,22.5,15.5,28.2,,,351,5.3,,1014.4,
2020-02-01,25.4,18.1,30.6,,,341,6.5,,1012.7,
2020-02-02,27.6,21.6,34,,,350,6.2,,1013,
2020-02-03,29.3,25.4,35,,,1,9.9,,1013.6,
2020-02-04,28.9,24,35,,,356,10.1,,1010.9,
2020-02-05,29.2,25,34.9,,,22,9.6,,1009.4,
2020-02-06,29.6,23.5,35.6,5.1,,10,10,,1010.6,
2020-02-07,27.9,23.2,36.1,0,,72,6.7,,1013.3,
2020-02-08,24,19.9,30.5,,,110,10.9,,1015.8,
2020-02-09,20.9,15.9,28.6,,,114,12,,1020.3,
2020-02-10,19.9,14.3,25.5,,,79,7.3,,1022.2,
2020-02-11,22.6,18.1,26.5,,,23,9.4,,1020.9,
2020-02-12,24,19.4,28.5,,,359,9.8,,1016.6,
2020-02-13,26.2,21.8,31.2,,,3,11.7,,1011.4,
2020-02-14,26.1,20.8,31.5,,,180,5.2,,1009.1,
2020-02-15,25.3,18.4,32,,,340,5.3,,1008.5,
2020-02-16,29.3,24.4,34,,,315,8.4,,1006.3,
2020-02-17,25.7,21.5,34,,,334,8.2,,1004,
2020-02-18,22.3,17.6,30,35.1,,199,9.1,,1008.7,
2020-02-19,23.6,17,29.6,0,,271,4.2,,1010.5,
2020-02-20,20.7,14.9,29.9,,,155,14.3,,1017.8,
2020-02-21,18.2,13,24.5,,,168,13.4,,1023.3,
2020-02-22,17.5,11.5,23.3,,,97,8.1,,1024.3,
2020-02-23,20.9,14.6,26,,,3,5.6,,1017.9,
2020-02-24,24.4,19.4,29.7,,,312,9,,1008.4,
2020-02-25,23.2,18.1,29.8,,,84,7.3,,1010,
2020-02-26,21.9,17.6,28.5,,,6,5.5,,1014.2,
2020-02-27,23.6,17.6,29.5,,,323,7.3,,1014.1,
2020-02-28,25.6,18.5,32,,,323,6.7,,1015.2,
2020-02-29,25.8,21.6,32.4,,,333,6.9,,1018.5,
2020-03-01,28.7,22.5,34,,,349,6.2,,1019,
2020-03-02,28.6,24,34,,,353,9.4,,1018.9,
2020-03-03,27,22.5,33,,,8,8,,1016.6,
2020-03-04,27.1,22.8,31.9,,,6,6.1,,1016.5,
2020-03-05,26.1,22,32,,,8,8.1,,1017.9,
2020-03-06,25.3,21.4,30.9,,,6,8,,1015.9,
2020-03-07,26.3,21.9,32.1,,,2,9.4,,1010.5,
2020-03-08,27.7,23.6,33.5,,,331,6.2,,1010,
2020-03-09,24.8,20.5,33.4,,,75,10.5,,1016.1,
2020-03-10,22.1,19.2,28.3,9.9,,61,13.3,,1018.1,
2020-03-11,21.5,20.2,25.4,0,,39,9.7,,1013,
2020-03-12,23,18.8,28.2,,,356,3.8,,1012.2,
2020-03-13,25.4,21.1,31.5,,,31,8.1,,1012.5,
2020-03-14,23.8,19.5,31.4,,,75,9.9,,1012.9,
2020-03-15,19.8,16.5,23.7,,,101,7.1,,1018.9,
2020-03-16,19.6,14.8,24.5,,,57,6,,1017.4,
2020-03-17,20.5,17.5,23.5,,,38,7.1,,1013.9,
2020-03-18,20.7,17.2,24.6,9.1,,109,5.2,,1011.8,
2020-03-19,20.4,16.2,25.7,,,214,7.6,,1011.7,
2020-03-20,21.9,15.4,29.6,,,313,4.2,,1012.2,
2020-03-21,23.4,18.3,29.8,,,310,6.7,,1012.4,
2020-03-22,23.2,16.6,29.7,,,346,5.1,,1016.4,
2020-03-23,24.9,21.3,30,,,338,8.9,,1017.2,
2020-03-24,25.6,21,30.8,,,355,9.2,,1014.1,
2020-03-25,24.7,21.2,31,0.5,,59,10.4,,1014.7,
2020-03-26,23.3,20.4,27.1,0,,82,9,,1016.4,
2020-03-27,25.1,21.2,29.2,,,7,7.7,,1013.5,
2020-03-28,25,21.8,29.5,,,6,3.7,,1012.3,
2020-03-29,25.3,20.7,30.2,,,342,4.2,,1014.9,
2020-03-30,24.6,22.1,30.2,,,63,8.4,,1017,
2020-03-31,22.4,19.2,27.9,,,57,13.1,,1017.7,
2020-04-01,22.1,19.5,24.7,,,340,11.1,,1013.5,
2020-04-02,18.9,13.2,24.7,,10,160,14.8,,1018.5,
2020-04-03,17.1,11.8,23.5,,,98,8,,1018.1,
2020-04-04,20.2,14.4,25.7,,,317,7.8,,1012.1,
2020-04-05,20.4,15,25.7,,,317,5.5,,1010.8,
2020-04-06,18.7,14.2,24.6,,,186,9.6,,1018.4,
2020-04-07,14.6,9.4,20.7,,,155,5.8,,1025.5,
2020-04-08,13.8,8.2,20,,,116,4.2,,1026,
2020-04-09,15.1,9.2,20.7,,,101,6.7,,1024.4,
2020-04-10,16.7,11,21.2,,,60,6.2,,1022.3,
2020-04-11,19.3,15.1,23.7,,,347,7.1,,1019.2,
2020-04-12,19.7,14.6,24.7,,,22,6.5,,1016.9,
2020-04-13,18.8,12.6,24.8,,,54,8.1,,1012.5,
2020-04-14,14.5,9,20.5,,10,175,11.3,,1013.6,
2020-04-15,15.3,9.1,21.7,,,169,8,,1017.6,
2020-04-16,14.5,8,22.2,,,62,3.1,,1023.9,
2020-04-17,15.9,11.4,22.5,,,359,4.6,,1025.7,
2020-04-18,19,13.5,25,,,343,8,,1022.6,
2020-04-19,20.9,17,26.6,,,341,8.8,,1018.4,
2020-04-20,20.7,14.5,28.7,,,332,3.1,,1016.1,
2020-04-21,18.8,16.4,28.9,,,98,12.2,,1019.2,
2020-04-22,17.5,15.2,21.9,,,71,7.3,,1018.7,
2020-04-23,20.1,16.8,24.6,,,49,6.2,,1014.5,
2020-04-24,21.3,18.9,24.7,,,24,10,,1009,
2020-04-25,19.4,16.2,23.2,,,102,11.4,,1015.7,
2020-04-26,18.1,15.4,21.6,,10,73,15.6,,1025,
2020-04-27,18.6,16.5,21.6,,,21,11.7,,1020.3,
2020-04-28,19.2,15,21.3,46,30,296,11.6,,1011.1,
2020-04-29,16.8,11.4,23,,30,232,6.7,,1016.8,
2020-04-30,16.2,11.4,23,,,171,3.8,,1019.8,
2020-05-01,16.9,12.5,22.5,,,219,5.7,,1021.5,
2020-05-02,14.8,10.5,22.5,,,76,4.7,,1023.5,
2020-05-03,17.2,11.9,20.6,,,358,10.1,,1018.7,
2020-05-04,16.3,13.4,20.8,,,352,4.2,,1012.4,
2020-05-05,14.6,10.4,19.6,,,210,16.6,,1013.5,
2020-05-06,12.1,8.5,16.9,,,183,7.5,,1024.5,
2020-05-07,13.8,8.4,19.6,,,273,5.6,,1024.6,
2020-05-08,14.2,9.4,19.6,,,304,9.6,,1020.4,
2020-05-09,16.3,10.8,22.5,,,307,12.6,,1013.6,
2020-05-10,19.2,11.9,25.2,,,322,9.2,,1007.8,
2020-05-11,18.7,11.5,25.3,,,141,9,,1014.6,
2020-05-12,13.3,7.8,20.8,,,44,2.5,,1017.8,
2020-05-13,14.2,8.5,21,,,193,5.3,,1019.4,
2020-05-14,11.6,5.4,21,,,252,6.2,,1023.4,
2020-05-15,15,7,22.5,,,281,10.3,,1016,
2020-05-16,19.8,11.4,28,,,264,8.2,,1011.3,
2020-05-17,20.7,15,28.4,,,288,6.5,,1014.6,
2020-05-18,18.3,14.7,26.9,,,5,11.5,,1018.3,
2020-05-19,19.4,15,24.5,,,345,7.8,,1014.2,
2020-05-20,20.1,16.5,24.5,,,358,6.3,,1010.8,
2020-05-21,15.7,13.2,24.5,,10,137,14.6,,1013.9,
2020-05-22,13.2,10.5,15.5,,,135,16.6,,1021.8,
2020-05-23,12.5,8.1,17.7,,,144,7.9,,1023.2,
2020-05-24,12.2,8,18.5,,,264,9.7,,1014.2,
2020-05-25,14.8,9.2,18.4,,,202,17.5,,1013.1,
2020-05-26,13.8,9,18.6,,,221,4.3,,1017.9,
2020-05-27,14.7,9.4,21.1,,,320,8.2,,1015.8,
2020-05-28,16.4,10.6,21.7,,,333,6.3,,1015.7,
2020-05-29,15.4,10.4,21.8,,,47,3.9,,1014.9,
2020-05-30,13.3,8.6,21.7,,,243,6.7,,1014.2,
2020-05-31,10.1,6.5,15.1,,,198,14.8,,1018.9,
2020-06-01,10.2,5.9,14.3,,,183,5.6,,1023,
2020-06-02,9.4,4.5,16,,,300,5.1,,1021.2,
2020-06-03,12.1,5.1,17.2,,,350,3.7,,1023.7,
2020-06-04,11.8,8.1,17.3,,,67,5.5,,1025.6,
2020-06-05,12.3,9,16.6,,,106,7.8,,1019.7,
2020-06-06,15.8,12.3,17.2,0.5,,94,11.6,,1014.4,
2020-06-07,15.4,13.6,17.2,,,152,3.2,,1015.8,
2020-06-08,15.1,11.5,17,,,292,2.5,,1016.1,
2020-06-09,13.8,10.3,19.7,,,319,2.9,,1014.6,
2020-06-10,14.1,9,20.5,,,314,5,,1012.3,
2020-06-11,12.9,9.2,20.5,,,331,6.8,,1010.5,
2020-06-12,15.4,8.7,21,,,229,7,,1007.2,
2020-06-13,10.4,5,20.9,,,210,13,,1022.7,
2020-06-14,7.4,1.3,13.7,,,346,5.4,,1028.1,
2020-06-15,12,2.4,15,,,13,10.9,,1022.2,
2020-06-16,17.7,10.4,24,,,356,9.7,,1015.1,
2020-06-17,21.8,15.5,27.2,,,334,15.1,,1006.5,
2020-06-18,16.9,12.6,27.2,,30,280,8.3,,1006.4,
2020-06-19,13.4,9.8,18.6,,,333,4.9,,1011.1,
2020-06-20,13.1,9.9,16.7,,,94,7,,1012.6,
2020-06-21,14.2,10.9,18.2,,20,165,9.8,,1013.5,
2020-06-22,12.5,9.2,18.2,,,62,8.3,,1015.2,
2020-06-23,13.9,12,15.4,,,137,7.4,,1006.2,
2020-06-24,13,9.9,14.5,,,126,11.1,,1006.8,
2020-06-25,10.3,6.2,14.5,,,188,10,,1016.9,
2020-06-26,8.5,3.1,14.5,,,249,4,,1022.4,
2020-06-27,9.6,5,15.2,,,334,4.4,,1023.5,
2020-06-28,9.6,3.6,15.2,,,17,4.8,,1023.5,
2020-06-29,11.5,4.9,15.1,,,56,12.9,,1017.4,
2020-06-30,11.3,8.6,13.8,29.7,20,107,13.2,,1008.7,
2020-07-01,8.1,5,12.6,,20,159,11.4,,1018.4,
2020-07-02,7.7,4,11.1,,,253,4.8,,1020.7,
2020-07-03,9.9,6.1,14.8,,,281,11.5,,1015.3,
2020-07-04,11.9,6.8,16,,,332,8.3,,1011.1,
2020-07-05,11.3,7,16.2,,,150,7.5,,1016.6,
2020-07-06,7.7,3.6,14.4,,,123,4.4,,1024.4,
2020-07-07,7.3,3.1,13,,,107,9.7,,1024.2,
2020-07-08,8.7,3.6,14,,,125,5.4,,1020.7,
2020-07-09,9.8,4.6,15.6,,,256,6.5,,1018.8,
2020-07-10,11.2,6.1,15.6,,,272,14.5,,1011.1,
2020-07-11,9.8,2.5,15.2,,,252,6,,1013.9,
2020-07-12,10.4,3.9,15.9,,,204,7.5,,1013.5,
2020-07-13,9.9,7.5,15.3,0,,216,12.6,,1020.4,
2020-07-14,6.9,0.8,13.5,,,243,4.8,,1024.6,
2020-07-15,8.4,1.7,14.8,,,322,5.9,,1023.7,
2020-07-16,11.2,4.4,15.4,,,14,6.5,,1020.9,
2020-07-17,11.6,8.3,16.5,,,4,12.7,,1016.6,
2020-07-18,14.4,9.4,17.1,0,,37,4.6,,1009.6,
2020-07-19,17.3,12,24.2,0.3,,29,3.7,,1008.6,
2020-07-20,17.3,13.6,24.2,0,,314,3.9,,1009.8,
2020-07-21,14.9,13.7,22.2,,,111,4.7,,1010.7,
2020-07-22,14.3,12.4,16.2,,,221,3.8,,1011.3,
2020-07-23,13.3,10.1,15.3,,,241,5.1,,1011.8,
2020-07-24,8.9,4.6,13.7,,10,235,9.3,,1015.3,
2020-07-25,8.3,3,14.1,,,250,5.5,,1019.2,
2020-07-26,11.8,4.1,18.1,,,311,9.4,,1017,
2020-07-27,11.5,7.7,18.4,,,232,10.7,,1016.6,
2020-07-28,7.5,2.5,15.1,,,212,7.8,,1024.9,
2020-07-29,7.5,0.3,15.2,,,330,3.6,,1028.1,
2020-07-30,9.7,3.1,15.5,,,339,10.2,,1026.1,
2020-07-31,11.7,8.7,15.6,,,1,5.8,,1023.5,
2020-08-01,13.3,6.3,19.3,,,15,5.8,,1020.1,
2020-08-02,19.4,11.6,24.4,,,7,9.4,,1019.6,
2020-08-03,16.8,12.1,24.4,,,39,7,,1022.1,
2020-08-04,20.2,14,25,,,356,8.8,,1019.7,
2020-08-05,21.6,16.5,26.1,,,339,9.8,,1014.4,
2020-08-06,17,10.6,26.1,,,114,14.2,,1024.1,
2020-08-07,11.4,10.4,17,8.4,10,63,10.4,,1025.3,
2020-08-08,14.7,10.2,19.7,,,37,7.1,,1020.8,
2020-08-09,14.7,13.2,19.7,,,77,5.3,,1014.2,
2020-08-10,15,13.2,17.9,,,198,10.9,,1010.4,
2020-08-11,10.1,3.9,18,,,210,7.7,,1020,
2020-08-12,9,2.4,16.3,,,298,4.9,,1017.3,
2020-08-13,11.7,6.2,19.2,,,279,7.7,,1013.4,
2020-08-14,13.4,7.2,19.6,,,327,7.2,,1010,
2020-08-15,12.5,5.5,19.6,,,209,11.4,,1012.2,
2020-08-16,11.4,4.3,19.3,,,276,8.3,,1013.1,
2020-08-17,12.6,4.3,19.3,,,14,6.7,,1013.7,
2020-08-18,15.5,9.5,21.2,,,247,9.5,,1009.9,
2020-08-19,9.6,5.1,21.4,,,164,11.9,,1023.6,
2020-08-20,7.4,2,13.6,,,205,6.5,,1031.9,
2020-08-21,10.8,4.2,18.2,,,269,6.1,,1029,
2020-08-22,12.5,7.5,18.4,,,312,10.5,,1025.8,
2020-08-23,14.6,9.9,19.6,,,355,12.4,,1019.4,
2020-08-24,17.7,12.1,23.7,,,2,10.7,,1013.8,
2020-08-25,18.4,15.1,23.7,,,56,11.1,,1009.3,
2020-08-26,18.3,16.3,21.5,,,90,9.4,,1008,
2020-08-27,15.1,10.6,21.4,,10,106,9.2,,1017,
2020-08-28,15.4,11.9,19.7,,,50,6.3,,1014.7,
2020-08-29,14.6,12.5,19.3,14,,118,8.3,,1015.2,
2020-08-30,9.1,2.5,15,1,,169,5.9,,1025.3,
2020-08-31,9.7,4.5,14.6,0,,103,6.9,,1030.3,
2020-09-01,9.3,6.4,14.4,,,76,12.5,,1033,
2020-09-02,10.6,9,11.6,42.9,20,85,17.7,,1018.4,
2020-09-03,10.3,7.8,13,,41,171,8,,1015.8,
2020-09-04,13.1,7.8,18.2,,,260,5.6,,1019,
2020-09-05,12.5,8,18.2,,,59,11.1,,1022.7,
2020-09-06,11.7,7.4,17,,,75,11.5,,1026.3,
2020-09-07,11.6,5.4,16.5,,,58,8.3,,1025.2,
2020-09-08,15,11.4,19.8,,,8,13,,1019.7,
2020-09-09,17.1,12.6,20.9,,,52,6.3,,1017.2,
2020-09-10,15.8,10.3,20.9,,,20,7.1,,1016,
2020-09-11,17.2,13.5,20.4,,,126,12.6,,1013.6,
2020-09-12,12.7,6.4,20.6,,,47,7,,1017.2,
2020-09-13,15.6,8.6,20.5,,,45,7.5,,1016.4,
2020-09-14,13.1,8,20.5,,,89,8.8,,1027.3,
2020-09-15,13.2,9.4,18,,,347,9,,1021.8,
2020-09-16,13.9,7.2,20.1,,,46,4.9,,1016.9,
2020-09-17,17.3,10.3,26.8,,,295,8.6,,1011.9,
2020-09-18,19.3,14.2,26.8,,,141,6.9,,1011.2,
2020-09-19,13.3,8.5,23.3,,,169,8.5,,1022.5,
2020-09-20,13.3,6,21,,,233,7.3,,1023.2,
2020-09-21,12.2,5.2,21.1,,,58,6.9,,1025.4,
2020-09-22,14.1,10,20,,,352,8.5,,1022.4,
2020-09-23,17.4,10.9,23.5,,,7,7.4,,1020.9,
2020-09-24,17.4,10.5,23.5,,,59,8.1,,1019.4,
2020-09-25,17.3,14.5,22.7,,,73,11.6,,1015.9,
2020-09-26,16.7,14.5,20,39.1,,58,9.2,,1008.1,
2020-09-27,15.8,13,20.5,0,10,221,8.5,,1006.5,
2020-09-28,15.6,7.4,23.5,,,214,7.3,,1012.5,
2020-09-29,18,12.5,23.5,,,336,13.4,,1010.9,
2020-09-30,21,15.4,26.7,,,355,10.3,,1006.5,
2020-10-01,18,13.4,26.8,,,132,10.8,,1009.7,
2020-10-02,13.1,8,22.6,,,100,16.8,,1021.7,
2020-10-03,9.6,5.3,17.2,,,84,14.8,,1030.6,
2020-10-04,12.5,8.1,16.3,,,52,15.6,,1023.2,
2020-10-05,14.2,10.6,18.2,,,152,8.4,,1016.4,
2020-10-06,14.7,9.4,20,,,347,5.1,,1016.1,
2020-10-07,18.7,10.5,26.3,,,247,6.4,,1014.9,
2020-10-08,17.2,13.2,26.4,,,11,8.3,,1016.8,
2020-10-09,18.2,11.8,24.5,,,218,8.9,,1014.8,
2020-10-10,16.3,9,24.9,,,9,10.3,,1015.6,
2020-10-11,17.5,13.6,21.6,0,,248,10.8,,1013.5,
2020-10-12,16.7,10.1,23,,,162,8.2,,1017,
2020-10-13,18.5,12.8,23.2,,,351,7.2,,1016.2,
2020-10-14,20.9,12.3,28.7,,,30,6,,1016,
2020-10-15,16.9,12.2,29.2,,,71,8.4,,1022.5,
2020-10-16,19.6,15.2,24.6,,,19,12.3,,1019.9,
2020-10-17,21.1,18,24.6,,,5,10.8,,1014.1,
2020-10-18,25.2,19.3,32,,,350,10.9,,1008,
2020-10-19,24.5,22.8,32,,,71,15,,1010.4,
2020-10-20,14.3,10.4,26.6,52.1,51,79,16.2,,1023.7,
2020-10-21,14.4,9.8,17.8,,,73,16.4,,1025.5,
2020-10-22,15.3,13.7,18.3,17.8,10,49,10.3,,1020.3,
2020-10-23,19.2,14.2,23.1,,10,80,5.9,,1015.2,
2020-10-24,20.6,17,26,,,74,7.5,,1013.1,
2020-10-25,20.3,18.1,26,,,19,8.4,,1008.1,
2020-10-26,18.8,14.9,22.5,,,117,11.7,,1012.8,
2020-10-27,17.3,10.9,23,,,45,6.8,,1009.8,
2020-10-28,15.9,12.5,23,,,144,9.1,,1011.1,
2020-10-29,14.2,10.8,21.7,0.8,,153,12.8,,1021,
2020-10-30,14.1,7.6,18.9,0,,58,8,,1027.1,
2020-10-31,16.8,9.8,22.6,,,34,6.4,,1025.8,
2020-11-01,19.4,15,24.2,,,29,8.9,,1022.6,
2020-11-02,20,14,24.6,,,26,8.9,,1019.4,
2020-11-03,19.7,16.6,24.6,,,36,12.1,,1020.1,
2020-11-04,19.5,15.4,24,,,20,16.2,,1022.1,
2020-11-05,19.9,14,25.1,,,3,15.3,,1019.7,
2020-11-06,21.2,17.5,25.7,,,29,10.4,,1018.7,
2020-11-07,22.3,18.9,26.2,,,51,8,,1020,
2020-11-08,21.8,18.4,26.4,,,47,10.7,,1019.7,
2020-11-09,20.2,18.5,26.5,,,48,8.8,,1018.6,
2020-11-10,20.7,17.4,24.7,,,61,10,,1017.1,
2020-11-11,21.3,18.2,25.2,,,32,12.7,,1017.3,
2020-11-12,21.1,17.9,25.6,,,36,9.3,,1016.1,
2020-11-13,22.1,19.2,26.6,,,26,9,,1013.1,
2020-11-14,22.2,19.3,26.6,,,50,4,,1010.3,
2020-11-15,21.1,15.5,26,0,,153,11.1,,1013.5,
2020-11-16,19.9,13.8,26.3,0,,59,6.8,,1014.6,
2020-11-17,23,14.8,27.7,,,347,8.2,,1013,
2020-11-18,22.3,18,27.7,,,111,9.5,,1013,
2020-11-19,20,14.8,26.7,,,81,7.8,,1018.7,
2020-11-20,20.6,17,25.6,,,39,12.2,,1017.9,
2020-11-21,22.5,18.2,27.5,,,13,9.1,,1016.2,
2020-11-22,24.1,19.2,29.6,,,10,9.6,,1017.2,
2020-11-23,25.2,19.5,32.5,,,7,12.2,,1013.1,
2020-11-24,26.6,21.9,32.6,,,23,14.7,,1009,
2020-11-25,22.9,19.8,31.8,,,339,6.3,,1009.2,
2020-11-26,21.9,17.5,27.7,,,135,13.1,,1015.2,
2020-11-27,22.9,17.5,29.8,,,19,9.3,,1015.7,
2020-11-28,23.4,19.4,30.2,,,329,12.8,,1011,
2020-11-29,24.4,17.6,33,,,185,9.5,,1011,
2020-11-30,18.6,12.2,33.3,,,81,10.6,,1019.7,
2020-12-01,21.4,16.1,28,,,13,8.9,,1014.1,
2020-12-02,23.4,19.5,28.5,,,336,6.7,,1008.1,
2020-12-03,22.4,16.8,29.1,23.9,,151,6.3,,1008.4,
2020-12-04,19.7,14.8,29.1,0,,148,18.3,,1020.3,
2020-12-05,17.2,11.5,22.1,,,73,7.9,,1025.7,
2020-12-06,19.1,15,24.3,,,35,8.8,,1022,
2020-12-07,21.6,17.5,26.1,,,18,9.7,,1018.2,
2020-12-08,23.1,19,27.6,,,7,9.2,,1016.1,
2020-12-09,25.8,18.6,32,,,356,7.2,,1014,
2020-12-10,29.1,23.5,35,,,331,13,,1007,
2020-12-11,25.6,16,35,,,210,13.2,,1006.4,
2020-12-12,23.2,14.8,30.4,,,355,8.8,,1007,
2020-12-13,21.6,14.5,30.4,18,,184,12.3,,1009.2,
2020-12-14,21.7,15.5,27.7,0,,306,16,,1009.4,
2020-12-15,21.1,18.3,27.8,,,83,9.8,,1010.8,
2020-12-16,21.5,16.8,27.8,,,15,9.9,,1015.3,
2020-12-17,24.9,19.6,31.5,,,2,8,,1012.2,
2020-12-18,26.8,20,33,,,353,7.9,,1005.7,
2020-12-19,24.2,20.1,33,,,277,14.7,,999.7,
2020-12-20,18.7,12.7,27.6,,,183,13,,1011,
2020-12-21,20.1,11.4,27.1,,,101,7,,1016.4,
2020-12-22,24.8,18,31.5,,,328,8.3,,1015,
2020-12-23,26.9,22.2,31.7,,,353,8.4,,1012.8,
2020-12-24,26.7,21.9,32.5,,,17,11.3,,1011.8,
2020-12-25,25.9,22.9,32.5,,,49,11.2,,1012.9,
2020-12-26,26.1,22.7,29.7,,,45,10.3,,1013.3,
2020-12-27,25.5,21.7,30.4,,,54,12.9,,1014.7,
2020-12-28,27.1,23.5,31.9,,,32,14,,1012.7,
2020-12-29,27.4,22.4,32.5,0.3,,14,7.8,,1007.4,
2020-12-30,24.6,19.1,32.4,0,,208,12,,1005.4,
2020-12-31,22,13.5,29.3,,,213,10.3,,1012.9,
2021-01-01,26.6,19.4,33.6,,,284,8.7,,1014.2,
2021-01-02,27.6,22.3,33.7,,,358,9.1,,1015,
2021-01-03,27.3,22.7,33.7,,,13,12.8,,1013.3,
2021-01-04,25.9,22.6,32.3,,,35,12.9,,1009.5,
2021-01-05,25.4,22.3,31,,,88,8.1,,1007.6,
2021-01-06,22.8,20.2,31.2,15,,281,9.4,,1007.1,
2021-01-07,25.2,18.6,33.9,0,,249,9.4,,1007.1,
2021-01-08,26.4,21.4,33.9,,,163,12.1,,1010.5,
2021-01-09,24.1,20.4,31.8,0.8,,21,9,,1011.8,
2021-01-10,26.8,22.2,32.9,0,,10,13.2,,1008.4,
2021-01-11,22.2,18.5,33.3,35.1,,260,10.3,,1007.1,
2021-01-12,21.2,15.6,24.9,19.1,,62,12.9,,1017.8,
2021-01-13,22.4,18.1,26.8,0,,35,11.1,,1020.8,
2021-01-14,23.2,18.6,28.5,,,28,18.6,,1018,
2021-01-15,22.4,20.6,28.6,,,17,14.2,,1009.4,
2021-01-16,24.2,19.6,31.5,7.1,,157,7.2,,1004.2,
2021-01-17,21.2,16,31.7,0,,182,14.2,,1009.3,
2021-01-18,23.1,14.3,29.9,0,,332,5.9,,1014.2,
2021-01-19,26.9,21.2,32.5,,,340,8,,1016.8,
2021-01-20,27.6,23.2,33.1,,,25,11.4,,1018,
2021-01-21,26.6,22.2,33.1,,,57,14.3,,1018.8,
2021-01-22,26.8,22.6,32.2,,,12,11.7,,1019.2,
2021-01-23,28.6,24,34,,,5,10.7,,1014.9,
2021-01-24,29,25.5,34.7,,,38,10.6,,1011.1,
2021-01-25,30.3,26,35.2,,,1,9.9,,1006.2,
2021-01-26,30,25.7,35.5,,,11,6.5,,1003,
2021-01-27,27.6,22.7,33.3,,,63,9,,1005.3,
2021-01-28,24.7,21.5,32.7,,,13,7.6,,1006.1,
2021-01-29,23.9,18.6,29.2,15,,320,6.1,,1005.2,
2021-01-30,21.1,16.5,29.4,0,,106,9.5,,1009.7,
2021-01-31,18.3,15.5,24.1,34,,109,11.6,,1015,
2021-02-01,20.3,17.4,23.6,0,,127,6.2,,1011.7,
2021-02-02,21.5,18.2,26.5,,,123,7.2,,1013.2,
2021-02-03,22.6,19.2,26.4,,,129,9.4,,1014.1,
2021-02-04,23,17.3,29,,,130,11.3,,1016.5,
2021-02-05,22.6,16.2,29.1,,,93,7.7,,1015.2,
2021-02-06,24.6,16.9,32.5,,,312,6,,1013.4,
2021-02-07,26.7,21,33.1,,,346,7.3,,1013.2,
2021-02-08,22.7,19.5,32.2,,,101,12.5,,1016.2,
2021-02-09,21.2,17,24.4,0,,113,14,,1019.4,
2021-02-10,19.7,18.8,25.5,,,117,17.8,,1018,
2021-02-11,21.7,20.5,23.4,,,108,13.7,,1013.9,
2021-02-12,21.8,19.4,24,,,84,13.1,,1012.3,
2021-02-13,24.9,19.6,27.9,,,20,7.1,,1009,
2021-02-14,23.6,19.9,28.6,,,337,5.3,,1006.1,
2021-02-15,22.8,18.5,28.6,2,,159,10.4,,1009,
2021-02-16,21.2,16.9,28.8,0,,207,11.7,,1009.3,
2021-02-17,22,18.1,26.6,,,166,7.7,,1008.8,
2021-02-18,24.4,16.9,31.9,,,335,3.9,,1008.4,
2021-02-19,24.7,21.6,31.9,,,248,13.9,,1011.3,
2021-02-20,24.7,15.9,26.2,,,145,10.6,,1016.1,
2021-02-21,28.3,18.2,30.3,,,9,11.4,,1013.4,
2021-02-22,24.3,18.9,30.5,,,33,9.8,,1010.3,
2021-02-23,23.1,17.9,27.6,,,46,6.1,,1013.6,
2021-02-24,24.1,17.4,31.5,,,278,4.3,,1014.5,
2021-02-25,25.2,18.2,32,,,338,4.6,,1014.3,
2021-02-26,27.3,23.2,32.5,,,8,8.4,,1014.5,
2021-02-27,26,22.4,31,,,22,14.2,,1018.2,
2021-02-28,25.9,22.6,29.9,,,15,18.6,,1016.5,
2021-03-01,26.1,22.9,29.8,,,25,10.5,,1013.5,
2021-03-02,26,23.5,30,,,55,7.8,,1013.5,
2021-03-03,26,23.4,29.9,,,33,9.9,,1015.3,
2021-03-04,25.7,23.5,29,,,42,7.1,,1012.6,
2021-03-05,22.7,19.5,29.2,,,125,15,,1012.5,
2021-03-06,20.7,14.1,26,,,86,5.4,,1013.4,
2021-03-07,23.2,16,28.9,,,4,5.8,,1012.1,
2021-03-08,26.2,21.1,32.6,,,341,5.1,,1013.4,
2021-03-09,21.1,15.1,33.5,,,77,9.1,,1016.6,
2021-03-10,23.7,18.9,29,,,20,8.4,,1012.4,
2021-03-11,25.8,21.5,31.2,,,286,7.1,,1011.3,
2021-03-12,24.4,20,31.2,,,83,8.2,,1014.1,
2021-03-13,23.7,18.4,29,,,27,7.5,,1016.2,
2021-03-14,24.7,19.3,29.8,,,16,6.8,,1017.2,
2021-03-15,24.4,21.2,30.5,,,347,7.6,,1015.2,
2021-03-16,22.6,21.5,27,,,331,9.1,,1008.3,
2021-03-17,19.3,15,23.7,1.5,,161,14.3,,1012.2,
2021-03-18,16.2,10.5,20.8,,,126,6,,1019.3,
2021-03-19,18.5,12.7,24,,,21,9.4,,1016.4,
2021-03-20,19.6,17.2,24.2,17.5,,112,6.7,,1013.3,
2021-03-21,19.3,16,24.5,,,114,5.5,,1019.6,
2021-03-22,19.3,13.6,24.4,,,60,4.7,,1020.8,
2021-03-23,20.7,15.7,25.7,,,8,4.5,,1017.4,
2021-03-24,23.2,19.8,27.4,,,352,7.6,,1015.8,
2021-03-25,21.3,20.2,27.4,64,,18,8.5,,1011.8,
2021-03-26,21.2,18.8,23.7,,,20,4.4,,1010.1,
2021-03-27,20.6,18.6,24.2,,,222,4,,1011.2,
2021-03-28,20.4,16.8,24.7,,,350,2.6,,1012.1,
2021-03-29,20.2,17,24.7,,,148,6.9,,1016,
2021-03-30,19.2,13.1,24,,,83,5.9,,1018.6,
2021-03-31,19.9,15.2,24,,,40,7.1,,1018.7,
2021-04-01,21,19.2,24.2,,,38,8.3,,1018.7,
2021-04-02,21.2,18.7,24.6,,,29,7.5,,1019.9,
2021-04-03,22,19.2,25.7,,,19,9.3,,1019.5,
2021-04-04,22.3,19.5,26.6,,,35,6.8,,1017.4,
2021-04-05,24.1,21.2,28.5,,,32,6.9,,1015,
2021-04-06,24.3,20.7,29,,,35,6,,1016.4,
2021-04-07,25.5,22,29.4,,,351,10.5,,1015.5,
2021-04-08,24.4,21.4,29.4,,,1,9.1,,1011.8,
2021-04-09,21.5,20.5,26.2,32,,0,3.5,,1012.8,
2021-04-10,21.3,20.6,23.4,0,,56,7.7,,1009.5,
2021-04-11,19.4,15,21.7,,20,197,10.8,,1010.9,
2021-04-12,18.4,12.2,25.8,,,289,3.7,,1019.6,
2021-04-13,19,12,25.8,,,307,3.3,,1021.4,
2021-04-14,18.9,14,25.8,,,8,6.1,,1017.5,
2021-04-15,20.6,16.2,26.1,,,9,2.3,,1013.8,
2021-04-16,20.7,16.4,26.3,,,7,3.6,,1014.6,
2021-04-17,20.7,16.2,26.3,,,26,4.2,,1017.2,
2021-04-18,20.2,17.6,25.7,,,5,8.3,,1018.8,
2021-04-19,21.4,17.8,24.8,,,3,12.7,,1019.9,
2021-04-20,21.6,18.3,25.1,,,19,12.1,,1019.9,
2021-04-21,21.8,19,25.5,,,17,18.6,,1017.4,
2021-04-22,21.7,19,25.4,,,2,13.4,,1014.9,
2021-04-23,22,17.3,27,,,5,11,,1013.6,
2021-04-24,18.2,15.3,27.3,,20,174,7.1,,1014.9,
2021-04-25,16.2,10.8,22.8,,,164,6.5,,1019.3,
2021-04-26,16,11.2,21.2,,,41,2.5,,1020.2,
2021-04-27,16.3,11.7,22.2,,,322,4.2,,1019.8,
2021-04-28,17.9,11.7,24.2,,,289,4.7,,1021.2,
2021-04-29,18.8,12.2,24.5,,,292,5.6,,1022.5,
2021-04-30,19.2,14.6,24.4,,,334,8.6,,1019.6,
2021-05-01,20,16.5,25.7,,,353,6.3,,1016.3,
2021-05-02,21,15.6,26.7,,,355,6.7,,1013.6,
2021-05-03,21.5,18.8,26.7,,,310,7.5,,1009.7,
2021-05-04,14.9,10.2,23,,20,145,12,,1021.9,
2021-05-05,12.2,7.7,17,,,151,9.2,,1026.6,
2021-05-06,11.6,6,18.7,,,218,5.1,,1025.6,
2021-05-07,11.4,5,19.1,,,28,3.9,,1026.2,
2021-05-08,14.8,8.8,18.2,,,7,9.2,,1026.5,
2021-05-09,15.4,12.6,18.5,,,22,4.7,,1022.5,
2021-05-10,14.3,12,18.7,,,165,6.7,,1022.3,
2021-05-11,11.7,5,18.8,,,194,4.5,,1023.9,
2021-05-12,12.7,5.5,20,,,313,4.9,,1021.5,
2021-05-13,13.8,8.7,20.6,,,285,5.8,,1021.3,
2021-05-14,13.4,8.7,21,,,333,4.2,,1021.4,
2021-05-15,12.5,5.7,20.9,,,355,2.3,,1020.3,
2021-05-16,12.9,8.2,20.2,,,348,2.4,,1019.7,
2021-05-17,12.4,7.2,19.5,,,85,3.2,,1021.5,
2021-05-18,11.1,6,18.8,,,25,4,,1020.8,
2021-05-19,12.9,8.9,17.2,,,47,8.4,,1017.7,
2021-05-20,15.2,12.5,17.2,,,52,8.6,,1015.2,
2021-05-21,14.6,13.5,17.4,0,,64,15.6,,1011,
2021-05-22,13.8,12.8,14.8,70.1,71,173,11,,997.4,
2021-05-23,12.9,11.1,15,,,195,20,,1009.5,
2021-05-24,12.9,7.6,18.7,,,261,9.7,,1014,
2021-05-25,13.3,8.5,19.7,,,236,5.7,,1016.2,
2021-05-26,13.3,6.6,21,,,293,6.8,,1016,
2021-05-27,16.8,11.1,23,,,278,8.4,,1009.9,
2021-05-28,16.9,13.3,23,,,240,8.5,,1003,
2021-05-29,12.3,6.9,21.6,,,203,8.3,,1014.2,
2021-05-30,10.4,5.1,16.5,,,267,4,,1019.7,
2021-05-31,15.2,10.5,20.8,,,264,8,,1014.9,
2021-06-01,16.3,12.6,21,,,287,11.3,,1009.4,
2021-06-02,14.7,11.6,18.3,,,204,8.6,,1014,
2021-06-03,13.5,7.1,19.8,,,339,8.1,,1014.8,
2021-06-04,17.3,15.5,19.9,,,328,5,,1009.9,
2021-06-05,14.7,12,19.9,,,150,8.1,,1014.4,
2021-06-06,10.7,3.9,16.6,,,80,5.9,,1022.2,
2021-06-07,12.9,10.6,15.8,,,27,7.8,,1021.7,
2021-06-08,15.5,13.4,18.5,,,26,8,,1019.9,
2021-06-09,16.5,13.8,18.5,0.8,,14,5.1,,1018.1,
2021-06-10,15.7,12,20.6,,,210,7.8,,1018.9,
2021-06-11,11.4,4.5,20.6,,,270,6.3,,1020.6,
2021-06-12,16.1,10.6,23.4,,,281,7,,1015.8,
2021-06-13,17.3,11.6,23.9,,,322,11.7,,1016.3,
2021-06-14,14.9,11.8,23,,,204,8.9,,1019.9,
2021-06-15,9.4,4.5,17.5,,,161,7.8,,1028.5,
2021-06-16,7.3,4.5,13.1,,,140,7,,1030.5,
2021-06-17,7.2,3.6,11.4,,,145,6.3,,1030.2,
2021-06-18,6.3,1.9,11.7,,,81,4.4,,1029,
2021-06-19,7.1,2.5,13.2,,,95,3.9,,1027.4,
2021-06-20,7.9,3.1,13.5,,,31,3.4,,1024,
2021-06-21,10.1,3.1,13.6,,,29,5.3,,1023.1,
2021-06-22,13.3,11.7,15.2,,,16,7.2,,1022.8,
2021-06-23,14,12.7,16,,,9,9,,1015.5,
2021-06-24,13.8,11.7,17.5,,,177,8.2,,1009.8,
2021-06-25,12,7.2,18.2,,,315,5.1,,1014.7,
2021-06-26,11.3,7.2,18.2,,,126,12,,1015.1,
2021-06-27,6.9,5.2,14.7,1,,205,11.9,,1019.2,
2021-06-28,7.6,5.7,9.2,,,219,12.4,,1021.7,
2021-06-29,8,5.7,9.7,0,,198,10.1,,1026.1,
2021-06-30,7.5,3.8,10.7,,,308,8.4,,1026.7,
2021-07-01,9.2,6.5,12.5,,,343,9.3,,1022.3,
2021-07-02,10,6.7,15,,,270,7.7,,1020.8,
2021-07-03,10.9,3.6,19.9,,,274,5.7,,1023.7,
2021-07-04,10.9,4.1,19.9,,,307,4.6,,1023.3,
2021-07-05,10.7,4.7,17.6,,,29,3.9,,1024.3,
2021-07-06,11.2,5.4,17.5,,,14,8.8,,1020.1,
2021-07-07,15.2,12.3,18,,,9,5.9,,1017.1,
2021-07-08,15.5,10.2,21,,,5,6.8,,1017.2,
2021-07-09,18.9,14.8,23.4,,,343,9.1,,1014.2,
2021-07-10,16.8,9.8,23.4,,,234,8.9,,1016.5,
2021-07-11,10.6,4,17.2,,,340,4.5,,1018.5,
2021-07-12,15.3,12.8,18.2,,,16,4.8,,1013.2,
2021-07-13,13.9,10.2,18.2,0,,101,7.4,,1017.2,
2021-07-14,11.1,9.3,15.5,0,,84,10.3,,1018.7,
2021-07-15,11.9,9.4,16.7,,,187,4.6,,1018.8,
2021-07-16,10.4,4.8,16.7,0,,313,6.3,,1016.4,
2021-07-17,10.2,6.3,16.1,,,214,11.3,,1018.1,
2021-07-18,8.7,5,14,,,198,18.9,,1023.4,
2021-07-19,7.7,2.4,14,,,227,4.6,,1025.9,
2021-07-20,11,5.7,18.3,,,273,9.5,,1021.3,
2021-07-21,12.5,6.7,18.3,,,313,8.2,,1021.7,
2021-07-22,14.1,8.7,18.3,,,338,8.3,,1021.9,
2021-07-23,16.9,12.5,24.4,,,342,6.5,,1016.2,
2021-07-24,15,12.7,24.5,,,79,10.1,,1013.6,
2021-07-25,15.3,12.8,17.2,,,165,12.6,,1008.4,
2021-07-26,12.1,7.6,17.3,0,,159,5.8,,1016.8,
2021-07-27,8.2,4,16.5,,,200,17.8,,1021,
2021-07-28,7.9,3.8,11.8,,,190,15.2,,1025.4,
2021-07-29,8.1,2.1,14.4,,,271,5.6,,1027.5,
2021-07-30,11.1,6.4,17.1,,,299,12.8,,1025.5,
2021-07-31,11.2,5.3,18.1,,,333,5.6,,1027.8,
2021-08-01,10.1,4.2,18.3,,,35,3,,1031.7,
2021-08-02,10.3,5.6,17.9,,,15,4.3,,1030.3,
2021-08-03,12,8.2,17.6,,,322,5.1,,1028.7,
2021-08-04,11.3,6,18.4,,,1,5.6,,1029.7,
2021-08-05,11.5,9,17.3,,,346,8,,1026.5,
2021-08-06,16,10.2,21.5,,,356,9.6,,1020.4,
2021-08-07,19.1,15.3,24.8,,,335,8.1,,1014.1,
2021-08-08,13.6,8.3,24.8,,,102,14.1,,1017.7,
2021-08-09,8.4,6.5,13.2,45,,116,14.2,,1024.2,
2021-08-10,6.9,2.8,11,,,179,9,,1026.5,
2021-08-11,8.5,2.8,16.5,,,241,7.8,,1028.2,
2021-08-12,8.6,3.2,16.5,,,73,6.8,,1030.4,
2021-08-13,9.8,5,13.7,,,49,5.3,,1028.5,
2021-08-14,11.6,6.8,18,,,33,4.1,,1023.2,
2021-08-15,10.8,6.4,18.7,,,16,4.3,,1019.9,
2021-08-16,13.5,9.2,17.7,,,21,6.6,,1014.4,
2021-08-17,15.7,10.8,21.6,,,12,5.7,,1013.3,
2021-08-18,14.9,10.8,21.7,,,69,6.4,,1009.1,
2021-08-19,14.8,12.1,18.7,,,96,11,,1005.4,
2021-08-20,15,10.9,20.4,,,187,10.4,,1015.6,
2021-08-21,13.1,7.6,20.6,,,53,8.3,,1014.7,
2021-08-22,16.3,11,21.7,,,187,8.2,,1007.7,
2021-08-23,12,6.2,21.7,,,169,4.9,,1014.4,
2021-08-24,11.1,5.7,17.4,,,99,5.1,,1015.8,
2021-08-25,11.7,6.6,17.6,,,81,5.4,,1015.3,
2021-08-26,14.4,7.5,21.3,,,311,9.1,,1015.2,
2021-08-27,13.3,7,21.4,,,161,4.9,,1020.3,
2021-08-28,14.9,11.2,19.9,,,0,8.2,,1022.5,
2021-08-29,14.9,8.4,21.8,,,12,5.9,,1023.8,
2021-08-30,18.2,14,24.4,,,22,10.7,,1018.5,
2021-08-31,22.2,18.5,28.1,,,349,11,,1015,
2021-09-01,19.3,15.6,28.5,,,64,14.2,,1015,
2021-09-02,14.9,12.7,19.5,29,,108,9.5,,1018.1,
2021-09-03,14.8,13,17.6,,,74,10.7,,1019.7,
2021-09-04,14.2,11.9,17.8,0,,59,9.6,,1016.2,
2021-09-05,14.2,11.8,17.7,,,89,11,,1018.2,
2021-09-06,14.7,12.6,17.9,0,,44,18.3,,1018.5,
2021-09-07,15.3,14,17.8,7.9,,59,16.4,,1013.2,
2021-09-08,15.4,14.6,16.1,,,27,7.8,,1006,
2021-09-09,13.9,13,16.1,45,,187,17.1,,1005.3,
2021-09-10,13.3,11.6,15.1,,,158,7.4,,1017.2,
2021-09-11,15.4,13,18.4,,,351,12.4,,1016.4,
2021-09-12,18.8,14.6,26.4,,,4,20.8,,1008.6,
2021-09-13,16.6,14,26.4,,,116,13.5,,1009.8,
2021-09-14,14.5,9.8,19.8,,,179,13.4,,1016.4,
2021-09-15,14.3,6.1,21.7,,,288,5.1,,1021.6,
2021-09-16,17.9,11.4,24.5,,,302,9.4,,1024.3,
2021-09-17,18.7,15.1,24.6,,,346,13.5,,1019.5,
2021-09-18,18.1,12.5,23.4,,,20,6.4,,1015.5,
2021-09-19,16.9,14,23.4,,,50,11.8,,1013.3,
2021-09-20,16.6,13,19.2,,,129,22.3,,1016.7,
2021-09-21,12.4,6.5,20,,,91,12,,1027.9,
2021-09-22,13.2,10,16.8,,,50,9.9,,1025.1,
2021-09-23,16.1,13.8,19.2,,,56,9,,1022.3,
2021-09-24,15.2,10.6,20,,,62,12,,1023.8,
2021-09-25,16.4,12.6,20.2,,,25,8.5,,1019.6,
2021-09-26,20,15.2,25.5,,,359,7.7,,1016,
2021-09-27,15.8,12.8,25.4,,,95,12.4,,1019.2,
2021-09-28,14,10.6,16.6,,,98,15.2,,1021.1,
2021-09-29,17.4,14.7,21,,,33,9.5,,1018.6,
2021-09-30,16.9,15.2,21,,,11,12.8,,1010.2,
2021-10-01,17.5,11.5,24.2,,,172,6.1,,1014,
2021-10-02,15.6,11,24.4,,,342,9.1,,1011.3,
2021-10-03,13.5,7.5,19.1,,,180,15.4,,1015.3,
2021-10-04,15.1,6.5,21.7,,,276,4.2,,1017.6,
2021-10-05,18.2,13.2,23.5,,,314,11.5,,1015.8,
2021-10-06,15.7,11.6,23.5,,,132,20.7,,1020,
2021-10-07,12.2,6.5,18.4,,,79,6.5,,1022.8,
2021-10-08,14,10.4,17.5,,,47,10.7,,1019.9,
2021-10-09,16,10.9,20.6,,,75,10.3,,1020.2,
2021-10-10,17,13.8,20.6,,,64,11.8,,1018.8,
2021-10-11,17.8,16.2,21.6,,,101,7.7,,1016.3,
2021-10-12,17.9,14.6,21.8,,,101,6.8,,1012.7,
2021-10-13,18.3,15.9,21.8,,,115,5.1,,1008.5,
2021-10-14,17.3,12,25.5,,,284,7.6,,1006.8,
2021-10-15,15,10.3,25.5,,,129,14.8,,1020.7,
2021-10-16,15.6,9.8,20.4,,,332,10.8,,1023.6,
2021-10-17,18,12.6,22.6,,,325,8.2,,1020.5,
2021-10-18,17.5,12.6,23.5,,,102,7.8,,1021.6,
2021-10-19,17.4,12.6,23.7,,,42,7.2,,1022,
2021-10-20,19.8,14.4,25.4,,,31,10.3,,1018.9,
2021-10-21,22.1,17.2,27.6,,,348,10.1,,1014.8,
2021-10-22,21.2,15.2,27.6,,,311,15.4,,1011.7,
2021-10-23,17.6,14.5,26.2,17,,140,8.2,,1008.6,
2021-10-24,18.7,9.4,26.4,,,245,7.6,,1012.3,
2021-10-25,23.6,17.8,31.5,,,241,14.5,,1009.7,
2021-10-26,26.8,18.6,36.1,,,312,5.5,,1012.5,
2021-10-27,27.8,21.1,36.3,,,308,6.9,,1017.8,
2021-10-28,27.6,20.4,34.1,,,8,8.5,,1020.3,
2021-10-29,26.2,21.4,34.4,,,32,10.1,,1017.4,
2021-10-30,25.4,21.1,30.5,,,15,13.6,,1014.5,
2021-10-31,20,14.5,31,,,104,10.5,,1018.7,
2021-11-01,17.4,14.2,20.6,,,104,15.2,,1018.1,
2021-11-02,19.4,16.1,23.9,,,116,6.9,,1014.8,
2021-11-03,21.9,19.5,25.5,,,95,8,,1009.8,
2021-11-04,23,20.1,27.2,,,34,9.3,,1009.7,
2021-11-05,18.9,13,27.5,,,133,16.4,,1018.8,
2021-11-06,16.5,12.5,22.2,,,80,17.7,,1023.1,
2021-11-07,19.2,16.1,23,,,24,8.4,,1018.3,
2021-11-08,22,15.4,28.7,,,343,7,,1015.9,
2021-11-09,19.7,15.4,28.8,,,60,11.1,,1018.5,
2021-11-10,20,17.2,23.9,,,46,13.3,,1020.2,
2021-11-11,21,17.7,25,,,24,14,,1022.2,
2021-11-12,20.4,16.2,25.5,,,7,23.6,,1020.6,
2021-11-13,22.4,16.8,28.7,,,358,14.6,,1011.4,
2021-11-14,22.2,18.5,29,,,264,7.1,,1011,
2021-11-15,23.8,16.3,29.6,,,2,10,,1010.2,
2021-11-16,19.7,14.7,29.6,,,146,14.7,,1016,
2021-11-17,15.9,9,21.5,,,187,8.6,,1018.4,
2021-11-18,19.7,10.8,26.3,,,298,8.2,,1013.4,
2021-11-19,23.6,17.4,29.7,,,318,6.2,,1013.8,
2021-11-20,23.7,17.6,29.8,,,12,6.3,,1013.6,
2021-11-21,29.1,22.6,35,,,280,10.8,,1009.1,
2021-11-22,28.6,20.8,36.5,,,232,13,,1006.7,
2021-11-23,20.6,14,36.4,,,64,11.9,,1017.3,
2021-11-24,25.8,19.2,33.2,,,332,11.7,,1010.7,
2021-11-25,22.9,18.7,33.5,,,95,8.4,,1005.1,
2021-11-26,22.8,17,29.2,,,96,10.1,,1010,
2021-11-27,23.1,19.4,30,,,44,11.2,,1010.2,
2021-11-28,20.8,17.7,27.8,15,,75,7.4,,1006.1,
2021-11-29,21.1,17.5,25.4,,,171,13.1,,1004,
2021-11-30,21.1,15.5,26.5,,,147,7,,1010.3,
2021-12-01,19.7,16.5,26.5,,,53,9.6,,1014.9,
2021-12-02,21.3,17.4,25.7,,,31,10.3,,1016.2,
2021-12-03,22,18.7,26.4,,,26,10.2,,1015.8,
2021-12-04,22,19.8,26,,,76,8.5,,1018.8,
2021-12-05,21.7,19.4,26.1,,,53,12.2,,1019.9,
2021-12-06,22.4,17.6,27.7,,,76,9.7,,1021.1,
2021-12-07,24.1,20.6,28.7,,,32,11.9,,1019.7,
2021-12-08,23.7,19.3,28.7,,,20,12,,1018.2,
2021-12-09,23.2,20.3,28.7,,,31,14.8,,1017.2,
2021-12-10,22.8,20.5,26.1,,,16,9.2,,1013.2,
2021-12-11,24.5,19.3,30,,,17,8.3,,1006.4,
2021-12-12,25.4,22.8,30,,,347,7.5,,1004.4,
2021-12-13,24.4,20.5,30.2,,,85,9,,1011.9,
2021-12-14,23.9,20,28.7,,,58,13.3,,1014.4,
2021-12-15,23,19.1,28.2,,,111,7.8,,1014.3,
2021-12-16,21.4,16.7,28.2,,,82,14.3,,1016.3,
2021-12-17,23,19.3,27.3,,,41,9.9,,1018.3,
2021-12-18,24.2,20.4,28.2,,,34,10.2,,1016.7,
2021-12-19,25.6,21.2,30,,,17,9.5,,1012.7,
2021-12-20,25.9,20.9,31.2,,,61,12.7,,1011.5,
2021-12-21,25.2,23,31.2,,,55,9.9,,1009.1,
2021-12-22,25.9,21.5,30.1,,,57,8,,1013.3,
2021-12-23,25.8,22.6,30.1,,,32,7.8,,1015.8,
2021-12-24,28.2,23.1,33.8,,,357,14,,1010.3,
2021-12-25,26.4,21.4,33.8,4.1,,86,9.1,,1009.7,
2021-12-26,26.8,19.3,32.8,,,25,5.4,,1012,
2021-12-27,26.2,21.8,33.2,,,53,6.6,,1010.1,
2021-12-28,29.1,23.9,35.1,,,1,7.5,,1010.6,
2021-12-29,32.1,26.5,37.2,,,336,14.8,,1009.9,
2021-12-30,30.9,26.4,37.2,,,346,9.2,,1008.3,
2021-12-31,28.1,22,36,,,62,8.7,,1006.5,
